C:\Users\pbard\.conda\envs\transplantML\Lib\site-packages\sklearn\model_selection\_validation.py:540: FitFailedWarning: 
10 fits failed out of a total of 35.
The score on these train-test partitions for these parameters will be set to nan.
If these failures are not expected, you can try to debug them by setting error_score='raise'.

Below are more details about the failures:
--------------------------------------------------------------------------------
10 fits failed with the following error:
Traceback (most recent call last):
  File "C:\Users\pbard\.conda\envs\transplantML\Lib\site-packages\sklearn\model_selection\_validation.py", line 888, in _fit_and_score
    estimator.fit(X_train, y_train, **fit_params)
  File "C:\Users\pbard\.conda\envs\transplantML\Lib\site-packages\sklearn\base.py", line 1473, in wrapper
    return fit_method(estimator, *args, **kwargs)
           ^^^^^^^^^^^^^^^^^^^^^^^^^^^^^^^^^^^^^^
  File "C:\Users\pbard\.conda\envs\transplantML\Lib\site-packages\sklearn\linear_model\_omp.py", line 804, in fit
    coef_, self.n_iter_ = orthogonal_mp_gram(
                          ^^^^^^^^^^^^^^^^^^^
  File "C:\Users\pbard\.conda\envs\transplantML\Lib\site-packages\sklearn\utils\_param_validation.py", line 186, in wrapper
    return func(*args, **kwargs)
           ^^^^^^^^^^^^^^^^^^^^^
  File "C:\Users\pbard\.conda\envs\transplantML\Lib\site-packages\sklearn\linear_model\_omp.py", line 605, in orthogonal_mp_gram
    raise ValueError(
ValueError: The number of atoms cannot be more than the number of features

  warnings.warn(some_fits_failed_message, FitFailedWarning)
C:\Users\pbard\.conda\envs\transplantML\Lib\site-packages\sklearn\model_selection\_search.py:1052: UserWarning: One or more of the test scores are non-finite: [-526.74927866 -515.06509362 -243.55631818 -242.79394635 -298.28490494
           nan           nan]
  warnings.warn(
C:\Users\pbard\.conda\envs\transplantML\Lib\site-packages\sklearn\model_selection\_validation.py:540: FitFailedWarning: 
10 fits failed out of a total of 35.
The score on these train-test partitions for these parameters will be set to nan.
If these failures are not expected, you can try to debug them by setting error_score='raise'.

Below are more details about the failures:
--------------------------------------------------------------------------------
10 fits failed with the following error:
Traceback (most recent call last):
  File "C:\Users\pbard\.conda\envs\transplantML\Lib\site-packages\sklearn\model_selection\_validation.py", line 888, in _fit_and_score
    estimator.fit(X_train, y_train, **fit_params)
  File "C:\Users\pbard\.conda\envs\transplantML\Lib\site-packages\sklearn\base.py", line 1473, in wrapper
    return fit_method(estimator, *args, **kwargs)
           ^^^^^^^^^^^^^^^^^^^^^^^^^^^^^^^^^^^^^^
  File "C:\Users\pbard\.conda\envs\transplantML\Lib\site-packages\sklearn\linear_model\_omp.py", line 804, in fit
    coef_, self.n_iter_ = orthogonal_mp_gram(
                          ^^^^^^^^^^^^^^^^^^^
  File "C:\Users\pbard\.conda\envs\transplantML\Lib\site-packages\sklearn\utils\_param_validation.py", line 186, in wrapper
    return func(*args, **kwargs)
           ^^^^^^^^^^^^^^^^^^^^^
  File "C:\Users\pbard\.conda\envs\transplantML\Lib\site-packages\sklearn\linear_model\_omp.py", line 605, in orthogonal_mp_gram
    raise ValueError(
ValueError: The number of atoms cannot be more than the number of features

  warnings.warn(some_fits_failed_message, FitFailedWarning)
C:\Users\pbard\.conda\envs\transplantML\Lib\site-packages\sklearn\model_selection\_search.py:1052: UserWarning: One or more of the test scores are non-finite: [-355.92290885 -353.21204635 -219.14617181 -196.61192414 -242.34124491
           nan           nan]
  warnings.warn(
C:\Users\pbard\.conda\envs\transplantML\Lib\site-packages\sklearn\model_selection\_validation.py:540: FitFailedWarning: 
10 fits failed out of a total of 35.
The score on these train-test partitions for these parameters will be set to nan.
If these failures are not expected, you can try to debug them by setting error_score='raise'.

Below are more details about the failures:
--------------------------------------------------------------------------------
10 fits failed with the following error:
Traceback (most recent call last):
  File "C:\Users\pbard\.conda\envs\transplantML\Lib\site-packages\sklearn\model_selection\_validation.py", line 888, in _fit_and_score
    estimator.fit(X_train, y_train, **fit_params)
  File "C:\Users\pbard\.conda\envs\transplantML\Lib\site-packages\sklearn\base.py", line 1473, in wrapper
    return fit_method(estimator, *args, **kwargs)
           ^^^^^^^^^^^^^^^^^^^^^^^^^^^^^^^^^^^^^^
  File "C:\Users\pbard\.conda\envs\transplantML\Lib\site-packages\sklearn\linear_model\_omp.py", line 804, in fit
    coef_, self.n_iter_ = orthogonal_mp_gram(
                          ^^^^^^^^^^^^^^^^^^^
  File "C:\Users\pbard\.conda\envs\transplantML\Lib\site-packages\sklearn\utils\_param_validation.py", line 186, in wrapper
    return func(*args, **kwargs)
           ^^^^^^^^^^^^^^^^^^^^^
  File "C:\Users\pbard\.conda\envs\transplantML\Lib\site-packages\sklearn\linear_model\_omp.py", line 605, in orthogonal_mp_gram
    raise ValueError(
ValueError: The number of atoms cannot be more than the number of features

  warnings.warn(some_fits_failed_message, FitFailedWarning)
C:\Users\pbard\.conda\envs\transplantML\Lib\site-packages\sklearn\model_selection\_search.py:1052: UserWarning: One or more of the test scores are non-finite: [-517.83530577 -488.78350383 -230.25205815 -246.81626509 -276.59722804
           nan           nan]
  warnings.warn(
C:\Users\pbard\.conda\envs\transplantML\Lib\site-packages\sklearn\model_selection\_validation.py:540: FitFailedWarning: 
10 fits failed out of a total of 35.
The score on these train-test partitions for these parameters will be set to nan.
If these failures are not expected, you can try to debug them by setting error_score='raise'.

Below are more details about the failures:
--------------------------------------------------------------------------------
10 fits failed with the following error:
Traceback (most recent call last):
  File "C:\Users\pbard\.conda\envs\transplantML\Lib\site-packages\sklearn\model_selection\_validation.py", line 888, in _fit_and_score
    estimator.fit(X_train, y_train, **fit_params)
  File "C:\Users\pbard\.conda\envs\transplantML\Lib\site-packages\sklearn\base.py", line 1473, in wrapper
    return fit_method(estimator, *args, **kwargs)
           ^^^^^^^^^^^^^^^^^^^^^^^^^^^^^^^^^^^^^^
  File "C:\Users\pbard\.conda\envs\transplantML\Lib\site-packages\sklearn\linear_model\_omp.py", line 804, in fit
    coef_, self.n_iter_ = orthogonal_mp_gram(
                          ^^^^^^^^^^^^^^^^^^^
  File "C:\Users\pbard\.conda\envs\transplantML\Lib\site-packages\sklearn\utils\_param_validation.py", line 186, in wrapper
    return func(*args, **kwargs)
           ^^^^^^^^^^^^^^^^^^^^^
  File "C:\Users\pbard\.conda\envs\transplantML\Lib\site-packages\sklearn\linear_model\_omp.py", line 605, in orthogonal_mp_gram
    raise ValueError(
ValueError: The number of atoms cannot be more than the number of features

  warnings.warn(some_fits_failed_message, FitFailedWarning)
C:\Users\pbard\.conda\envs\transplantML\Lib\site-packages\sklearn\model_selection\_search.py:1052: UserWarning: One or more of the test scores are non-finite: [-452.86012526 -409.44742912 -181.01264232 -187.32467659 -232.43527033
           nan           nan]
  warnings.warn(
C:\Users\pbard\.conda\envs\transplantML\Lib\site-packages\sklearn\model_selection\_validation.py:540: FitFailedWarning: 
10 fits failed out of a total of 35.
The score on these train-test partitions for these parameters will be set to nan.
If these failures are not expected, you can try to debug them by setting error_score='raise'.

Below are more details about the failures:
--------------------------------------------------------------------------------
10 fits failed with the following error:
Traceback (most recent call last):
  File "C:\Users\pbard\.conda\envs\transplantML\Lib\site-packages\sklearn\model_selection\_validation.py", line 888, in _fit_and_score
    estimator.fit(X_train, y_train, **fit_params)
  File "C:\Users\pbard\.conda\envs\transplantML\Lib\site-packages\sklearn\base.py", line 1473, in wrapper
    return fit_method(estimator, *args, **kwargs)
           ^^^^^^^^^^^^^^^^^^^^^^^^^^^^^^^^^^^^^^
  File "C:\Users\pbard\.conda\envs\transplantML\Lib\site-packages\sklearn\linear_model\_omp.py", line 804, in fit
    coef_, self.n_iter_ = orthogonal_mp_gram(
                          ^^^^^^^^^^^^^^^^^^^
  File "C:\Users\pbard\.conda\envs\transplantML\Lib\site-packages\sklearn\utils\_param_validation.py", line 186, in wrapper
    return func(*args, **kwargs)
           ^^^^^^^^^^^^^^^^^^^^^
  File "C:\Users\pbard\.conda\envs\transplantML\Lib\site-packages\sklearn\linear_model\_omp.py", line 605, in orthogonal_mp_gram
    raise ValueError(
ValueError: The number of atoms cannot be more than the number of features

  warnings.warn(some_fits_failed_message, FitFailedWarning)
C:\Users\pbard\.conda\envs\transplantML\Lib\site-packages\sklearn\model_selection\_search.py:1052: UserWarning: One or more of the test scores are non-finite: [-437.24325707 -426.86052782 -209.06198896 -183.04903046 -196.52327052
           nan           nan]
  warnings.warn(
C:\Users\pbard\.conda\envs\transplantML\Lib\site-packages\sklearn\model_selection\_validation.py:540: FitFailedWarning: 
10 fits failed out of a total of 35.
The score on these train-test partitions for these parameters will be set to nan.
If these failures are not expected, you can try to debug them by setting error_score='raise'.

Below are more details about the failures:
--------------------------------------------------------------------------------
10 fits failed with the following error:
Traceback (most recent call last):
  File "C:\Users\pbard\.conda\envs\transplantML\Lib\site-packages\sklearn\model_selection\_validation.py", line 888, in _fit_and_score
    estimator.fit(X_train, y_train, **fit_params)
  File "C:\Users\pbard\.conda\envs\transplantML\Lib\site-packages\sklearn\base.py", line 1473, in wrapper
    return fit_method(estimator, *args, **kwargs)
           ^^^^^^^^^^^^^^^^^^^^^^^^^^^^^^^^^^^^^^
  File "C:\Users\pbard\.conda\envs\transplantML\Lib\site-packages\sklearn\linear_model\_omp.py", line 804, in fit
    coef_, self.n_iter_ = orthogonal_mp_gram(
                          ^^^^^^^^^^^^^^^^^^^
  File "C:\Users\pbard\.conda\envs\transplantML\Lib\site-packages\sklearn\utils\_param_validation.py", line 186, in wrapper
    return func(*args, **kwargs)
           ^^^^^^^^^^^^^^^^^^^^^
  File "C:\Users\pbard\.conda\envs\transplantML\Lib\site-packages\sklearn\linear_model\_omp.py", line 605, in orthogonal_mp_gram
    raise ValueError(
ValueError: The number of atoms cannot be more than the number of features

  warnings.warn(some_fits_failed_message, FitFailedWarning)
C:\Users\pbard\.conda\envs\transplantML\Lib\site-packages\sklearn\model_selection\_search.py:1052: UserWarning: One or more of the test scores are non-finite: [-497.29607331 -464.99769782 -213.21302275 -222.5597655  -240.03016963
           nan           nan]
  warnings.warn(
C:\Users\pbard\.conda\envs\transplantML\Lib\site-packages\sklearn\model_selection\_validation.py:540: FitFailedWarning: 
10 fits failed out of a total of 35.
The score on these train-test partitions for these parameters will be set to nan.
If these failures are not expected, you can try to debug them by setting error_score='raise'.

Below are more details about the failures:
--------------------------------------------------------------------------------
10 fits failed with the following error:
Traceback (most recent call last):
  File "C:\Users\pbard\.conda\envs\transplantML\Lib\site-packages\sklearn\model_selection\_validation.py", line 888, in _fit_and_score
    estimator.fit(X_train, y_train, **fit_params)
  File "C:\Users\pbard\.conda\envs\transplantML\Lib\site-packages\sklearn\base.py", line 1473, in wrapper
    return fit_method(estimator, *args, **kwargs)
           ^^^^^^^^^^^^^^^^^^^^^^^^^^^^^^^^^^^^^^
  File "C:\Users\pbard\.conda\envs\transplantML\Lib\site-packages\sklearn\linear_model\_omp.py", line 804, in fit
    coef_, self.n_iter_ = orthogonal_mp_gram(
                          ^^^^^^^^^^^^^^^^^^^
  File "C:\Users\pbard\.conda\envs\transplantML\Lib\site-packages\sklearn\utils\_param_validation.py", line 186, in wrapper
    return func(*args, **kwargs)
           ^^^^^^^^^^^^^^^^^^^^^
  File "C:\Users\pbard\.conda\envs\transplantML\Lib\site-packages\sklearn\linear_model\_omp.py", line 605, in orthogonal_mp_gram
    raise ValueError(
ValueError: The number of atoms cannot be more than the number of features

  warnings.warn(some_fits_failed_message, FitFailedWarning)
C:\Users\pbard\.conda\envs\transplantML\Lib\site-packages\sklearn\model_selection\_search.py:1052: UserWarning: One or more of the test scores are non-finite: [-441.70315857 -456.62804623 -239.85823937 -198.74565793 -239.93504578
           nan           nan]
  warnings.warn(
C:\Users\pbard\.conda\envs\transplantML\Lib\site-packages\sklearn\model_selection\_validation.py:540: FitFailedWarning: 
10 fits failed out of a total of 35.
The score on these train-test partitions for these parameters will be set to nan.
If these failures are not expected, you can try to debug them by setting error_score='raise'.

Below are more details about the failures:
--------------------------------------------------------------------------------
10 fits failed with the following error:
Traceback (most recent call last):
  File "C:\Users\pbard\.conda\envs\transplantML\Lib\site-packages\sklearn\model_selection\_validation.py", line 888, in _fit_and_score
    estimator.fit(X_train, y_train, **fit_params)
  File "C:\Users\pbard\.conda\envs\transplantML\Lib\site-packages\sklearn\base.py", line 1473, in wrapper
    return fit_method(estimator, *args, **kwargs)
           ^^^^^^^^^^^^^^^^^^^^^^^^^^^^^^^^^^^^^^
  File "C:\Users\pbard\.conda\envs\transplantML\Lib\site-packages\sklearn\linear_model\_omp.py", line 804, in fit
    coef_, self.n_iter_ = orthogonal_mp_gram(
                          ^^^^^^^^^^^^^^^^^^^
  File "C:\Users\pbard\.conda\envs\transplantML\Lib\site-packages\sklearn\utils\_param_validation.py", line 186, in wrapper
    return func(*args, **kwargs)
           ^^^^^^^^^^^^^^^^^^^^^
  File "C:\Users\pbard\.conda\envs\transplantML\Lib\site-packages\sklearn\linear_model\_omp.py", line 605, in orthogonal_mp_gram
    raise ValueError(
ValueError: The number of atoms cannot be more than the number of features

  warnings.warn(some_fits_failed_message, FitFailedWarning)
C:\Users\pbard\.conda\envs\transplantML\Lib\site-packages\sklearn\model_selection\_search.py:1052: UserWarning: One or more of the test scores are non-finite: [-485.75343999 -448.44458911 -248.62826096 -250.18632766 -299.09094023
           nan           nan]
  warnings.warn(
C:\Users\pbard\.conda\envs\transplantML\Lib\site-packages\sklearn\model_selection\_validation.py:540: FitFailedWarning: 
10 fits failed out of a total of 35.
The score on these train-test partitions for these parameters will be set to nan.
If these failures are not expected, you can try to debug them by setting error_score='raise'.

Below are more details about the failures:
--------------------------------------------------------------------------------
10 fits failed with the following error:
Traceback (most recent call last):
  File "C:\Users\pbard\.conda\envs\transplantML\Lib\site-packages\sklearn\model_selection\_validation.py", line 888, in _fit_and_score
    estimator.fit(X_train, y_train, **fit_params)
  File "C:\Users\pbard\.conda\envs\transplantML\Lib\site-packages\sklearn\base.py", line 1473, in wrapper
    return fit_method(estimator, *args, **kwargs)
           ^^^^^^^^^^^^^^^^^^^^^^^^^^^^^^^^^^^^^^
  File "C:\Users\pbard\.conda\envs\transplantML\Lib\site-packages\sklearn\linear_model\_omp.py", line 804, in fit
    coef_, self.n_iter_ = orthogonal_mp_gram(
                          ^^^^^^^^^^^^^^^^^^^
  File "C:\Users\pbard\.conda\envs\transplantML\Lib\site-packages\sklearn\utils\_param_validation.py", line 186, in wrapper
    return func(*args, **kwargs)
           ^^^^^^^^^^^^^^^^^^^^^
  File "C:\Users\pbard\.conda\envs\transplantML\Lib\site-packages\sklearn\linear_model\_omp.py", line 605, in orthogonal_mp_gram
    raise ValueError(
ValueError: The number of atoms cannot be more than the number of features

  warnings.warn(some_fits_failed_message, FitFailedWarning)
C:\Users\pbard\.conda\envs\transplantML\Lib\site-packages\sklearn\model_selection\_search.py:1052: UserWarning: One or more of the test scores are non-finite: [-397.32227414 -398.10819309 -195.44113308 -201.35724059 -245.04936761
           nan           nan]
  warnings.warn(
C:\Users\pbard\.conda\envs\transplantML\Lib\site-packages\sklearn\model_selection\_validation.py:540: FitFailedWarning: 
10 fits failed out of a total of 35.
The score on these train-test partitions for these parameters will be set to nan.
If these failures are not expected, you can try to debug them by setting error_score='raise'.

Below are more details about the failures:
--------------------------------------------------------------------------------
10 fits failed with the following error:
Traceback (most recent call last):
  File "C:\Users\pbard\.conda\envs\transplantML\Lib\site-packages\sklearn\model_selection\_validation.py", line 888, in _fit_and_score
    estimator.fit(X_train, y_train, **fit_params)
  File "C:\Users\pbard\.conda\envs\transplantML\Lib\site-packages\sklearn\base.py", line 1473, in wrapper
    return fit_method(estimator, *args, **kwargs)
           ^^^^^^^^^^^^^^^^^^^^^^^^^^^^^^^^^^^^^^
  File "C:\Users\pbard\.conda\envs\transplantML\Lib\site-packages\sklearn\linear_model\_omp.py", line 804, in fit
    coef_, self.n_iter_ = orthogonal_mp_gram(
                          ^^^^^^^^^^^^^^^^^^^
  File "C:\Users\pbard\.conda\envs\transplantML\Lib\site-packages\sklearn\utils\_param_validation.py", line 186, in wrapper
    return func(*args, **kwargs)
           ^^^^^^^^^^^^^^^^^^^^^
  File "C:\Users\pbard\.conda\envs\transplantML\Lib\site-packages\sklearn\linear_model\_omp.py", line 605, in orthogonal_mp_gram
    raise ValueError(
ValueError: The number of atoms cannot be more than the number of features

  warnings.warn(some_fits_failed_message, FitFailedWarning)
C:\Users\pbard\.conda\envs\transplantML\Lib\site-packages\sklearn\model_selection\_search.py:1052: UserWarning: One or more of the test scores are non-finite: [-462.07066681 -434.97636172 -231.52541743 -223.48692857 -264.46286355
           nan           nan]
  warnings.warn(
C:\Users\pbard\.conda\envs\transplantML\Lib\site-packages\sklearn\model_selection\_validation.py:540: FitFailedWarning: 
15 fits failed out of a total of 35.
The score on these train-test partitions for these parameters will be set to nan.
If these failures are not expected, you can try to debug them by setting error_score='raise'.

Below are more details about the failures:
--------------------------------------------------------------------------------
15 fits failed with the following error:
Traceback (most recent call last):
  File "C:\Users\pbard\.conda\envs\transplantML\Lib\site-packages\sklearn\model_selection\_validation.py", line 888, in _fit_and_score
    estimator.fit(X_train, y_train, **fit_params)
  File "C:\Users\pbard\.conda\envs\transplantML\Lib\site-packages\sklearn\base.py", line 1473, in wrapper
    return fit_method(estimator, *args, **kwargs)
           ^^^^^^^^^^^^^^^^^^^^^^^^^^^^^^^^^^^^^^
  File "C:\Users\pbard\.conda\envs\transplantML\Lib\site-packages\sklearn\linear_model\_omp.py", line 804, in fit
    coef_, self.n_iter_ = orthogonal_mp_gram(
                          ^^^^^^^^^^^^^^^^^^^
  File "C:\Users\pbard\.conda\envs\transplantML\Lib\site-packages\sklearn\utils\_param_validation.py", line 186, in wrapper
    return func(*args, **kwargs)
           ^^^^^^^^^^^^^^^^^^^^^
  File "C:\Users\pbard\.conda\envs\transplantML\Lib\site-packages\sklearn\linear_model\_omp.py", line 605, in orthogonal_mp_gram
    raise ValueError(
ValueError: The number of atoms cannot be more than the number of features

  warnings.warn(some_fits_failed_message, FitFailedWarning)
C:\Users\pbard\.conda\envs\transplantML\Lib\site-packages\sklearn\model_selection\_search.py:1052: UserWarning: One or more of the test scores are non-finite: [-526.74927866 -515.06509362 -236.42850435 -229.62596272           nan
           nan           nan]
  warnings.warn(
C:\Users\pbard\.conda\envs\transplantML\Lib\site-packages\sklearn\model_selection\_validation.py:540: FitFailedWarning: 
15 fits failed out of a total of 35.
The score on these train-test partitions for these parameters will be set to nan.
If these failures are not expected, you can try to debug them by setting error_score='raise'.

Below are more details about the failures:
--------------------------------------------------------------------------------
15 fits failed with the following error:
Traceback (most recent call last):
  File "C:\Users\pbard\.conda\envs\transplantML\Lib\site-packages\sklearn\model_selection\_validation.py", line 888, in _fit_and_score
    estimator.fit(X_train, y_train, **fit_params)
  File "C:\Users\pbard\.conda\envs\transplantML\Lib\site-packages\sklearn\base.py", line 1473, in wrapper
    return fit_method(estimator, *args, **kwargs)
           ^^^^^^^^^^^^^^^^^^^^^^^^^^^^^^^^^^^^^^
  File "C:\Users\pbard\.conda\envs\transplantML\Lib\site-packages\sklearn\linear_model\_omp.py", line 804, in fit
    coef_, self.n_iter_ = orthogonal_mp_gram(
                          ^^^^^^^^^^^^^^^^^^^
  File "C:\Users\pbard\.conda\envs\transplantML\Lib\site-packages\sklearn\utils\_param_validation.py", line 186, in wrapper
    return func(*args, **kwargs)
           ^^^^^^^^^^^^^^^^^^^^^
  File "C:\Users\pbard\.conda\envs\transplantML\Lib\site-packages\sklearn\linear_model\_omp.py", line 605, in orthogonal_mp_gram
    raise ValueError(
ValueError: The number of atoms cannot be more than the number of features

  warnings.warn(some_fits_failed_message, FitFailedWarning)
C:\Users\pbard\.conda\envs\transplantML\Lib\site-packages\sklearn\model_selection\_search.py:1052: UserWarning: One or more of the test scores are non-finite: [-355.92290885 -353.21204635 -202.37245799 -214.86949753           nan
           nan           nan]
  warnings.warn(
C:\Users\pbard\.conda\envs\transplantML\Lib\site-packages\sklearn\model_selection\_validation.py:540: FitFailedWarning: 
15 fits failed out of a total of 35.
The score on these train-test partitions for these parameters will be set to nan.
If these failures are not expected, you can try to debug them by setting error_score='raise'.

Below are more details about the failures:
--------------------------------------------------------------------------------
15 fits failed with the following error:
Traceback (most recent call last):
  File "C:\Users\pbard\.conda\envs\transplantML\Lib\site-packages\sklearn\model_selection\_validation.py", line 888, in _fit_and_score
    estimator.fit(X_train, y_train, **fit_params)
  File "C:\Users\pbard\.conda\envs\transplantML\Lib\site-packages\sklearn\base.py", line 1473, in wrapper
    return fit_method(estimator, *args, **kwargs)
           ^^^^^^^^^^^^^^^^^^^^^^^^^^^^^^^^^^^^^^
  File "C:\Users\pbard\.conda\envs\transplantML\Lib\site-packages\sklearn\linear_model\_omp.py", line 804, in fit
    coef_, self.n_iter_ = orthogonal_mp_gram(
                          ^^^^^^^^^^^^^^^^^^^
  File "C:\Users\pbard\.conda\envs\transplantML\Lib\site-packages\sklearn\utils\_param_validation.py", line 186, in wrapper
    return func(*args, **kwargs)
           ^^^^^^^^^^^^^^^^^^^^^
  File "C:\Users\pbard\.conda\envs\transplantML\Lib\site-packages\sklearn\linear_model\_omp.py", line 605, in orthogonal_mp_gram
    raise ValueError(
ValueError: The number of atoms cannot be more than the number of features

  warnings.warn(some_fits_failed_message, FitFailedWarning)
C:\Users\pbard\.conda\envs\transplantML\Lib\site-packages\sklearn\model_selection\_search.py:1052: UserWarning: One or more of the test scores are non-finite: [-517.83530577 -488.78350383 -214.11008684 -189.67711847           nan
           nan           nan]
  warnings.warn(
C:\Users\pbard\.conda\envs\transplantML\Lib\site-packages\sklearn\model_selection\_validation.py:540: FitFailedWarning: 
15 fits failed out of a total of 35.
The score on these train-test partitions for these parameters will be set to nan.
If these failures are not expected, you can try to debug them by setting error_score='raise'.

Below are more details about the failures:
--------------------------------------------------------------------------------
15 fits failed with the following error:
Traceback (most recent call last):
  File "C:\Users\pbard\.conda\envs\transplantML\Lib\site-packages\sklearn\model_selection\_validation.py", line 888, in _fit_and_score
    estimator.fit(X_train, y_train, **fit_params)
  File "C:\Users\pbard\.conda\envs\transplantML\Lib\site-packages\sklearn\base.py", line 1473, in wrapper
    return fit_method(estimator, *args, **kwargs)
           ^^^^^^^^^^^^^^^^^^^^^^^^^^^^^^^^^^^^^^
  File "C:\Users\pbard\.conda\envs\transplantML\Lib\site-packages\sklearn\linear_model\_omp.py", line 804, in fit
    coef_, self.n_iter_ = orthogonal_mp_gram(
                          ^^^^^^^^^^^^^^^^^^^
  File "C:\Users\pbard\.conda\envs\transplantML\Lib\site-packages\sklearn\utils\_param_validation.py", line 186, in wrapper
    return func(*args, **kwargs)
           ^^^^^^^^^^^^^^^^^^^^^
  File "C:\Users\pbard\.conda\envs\transplantML\Lib\site-packages\sklearn\linear_model\_omp.py", line 605, in orthogonal_mp_gram
    raise ValueError(
ValueError: The number of atoms cannot be more than the number of features

  warnings.warn(some_fits_failed_message, FitFailedWarning)
C:\Users\pbard\.conda\envs\transplantML\Lib\site-packages\sklearn\model_selection\_search.py:1052: UserWarning: One or more of the test scores are non-finite: [-452.86012526 -409.44742912 -183.58016852 -201.12166858           nan
           nan           nan]
  warnings.warn(
C:\Users\pbard\.conda\envs\transplantML\Lib\site-packages\sklearn\model_selection\_validation.py:540: FitFailedWarning: 
15 fits failed out of a total of 35.
The score on these train-test partitions for these parameters will be set to nan.
If these failures are not expected, you can try to debug them by setting error_score='raise'.

Below are more details about the failures:
--------------------------------------------------------------------------------
15 fits failed with the following error:
Traceback (most recent call last):
  File "C:\Users\pbard\.conda\envs\transplantML\Lib\site-packages\sklearn\model_selection\_validation.py", line 888, in _fit_and_score
    estimator.fit(X_train, y_train, **fit_params)
  File "C:\Users\pbard\.conda\envs\transplantML\Lib\site-packages\sklearn\base.py", line 1473, in wrapper
    return fit_method(estimator, *args, **kwargs)
           ^^^^^^^^^^^^^^^^^^^^^^^^^^^^^^^^^^^^^^
  File "C:\Users\pbard\.conda\envs\transplantML\Lib\site-packages\sklearn\linear_model\_omp.py", line 804, in fit
    coef_, self.n_iter_ = orthogonal_mp_gram(
                          ^^^^^^^^^^^^^^^^^^^
  File "C:\Users\pbard\.conda\envs\transplantML\Lib\site-packages\sklearn\utils\_param_validation.py", line 186, in wrapper
    return func(*args, **kwargs)
           ^^^^^^^^^^^^^^^^^^^^^
  File "C:\Users\pbard\.conda\envs\transplantML\Lib\site-packages\sklearn\linear_model\_omp.py", line 605, in orthogonal_mp_gram
    raise ValueError(
ValueError: The number of atoms cannot be more than the number of features

  warnings.warn(some_fits_failed_message, FitFailedWarning)
C:\Users\pbard\.conda\envs\transplantML\Lib\site-packages\sklearn\model_selection\_search.py:1052: UserWarning: One or more of the test scores are non-finite: [-437.24325707 -426.86052782 -187.3128282  -175.55701162           nan
           nan           nan]
  warnings.warn(
C:\Users\pbard\.conda\envs\transplantML\Lib\site-packages\sklearn\model_selection\_validation.py:540: FitFailedWarning: 
15 fits failed out of a total of 35.
The score on these train-test partitions for these parameters will be set to nan.
If these failures are not expected, you can try to debug them by setting error_score='raise'.

Below are more details about the failures:
--------------------------------------------------------------------------------
15 fits failed with the following error:
Traceback (most recent call last):
  File "C:\Users\pbard\.conda\envs\transplantML\Lib\site-packages\sklearn\model_selection\_validation.py", line 888, in _fit_and_score
    estimator.fit(X_train, y_train, **fit_params)
  File "C:\Users\pbard\.conda\envs\transplantML\Lib\site-packages\sklearn\base.py", line 1473, in wrapper
    return fit_method(estimator, *args, **kwargs)
           ^^^^^^^^^^^^^^^^^^^^^^^^^^^^^^^^^^^^^^
  File "C:\Users\pbard\.conda\envs\transplantML\Lib\site-packages\sklearn\linear_model\_omp.py", line 804, in fit
    coef_, self.n_iter_ = orthogonal_mp_gram(
                          ^^^^^^^^^^^^^^^^^^^
  File "C:\Users\pbard\.conda\envs\transplantML\Lib\site-packages\sklearn\utils\_param_validation.py", line 186, in wrapper
    return func(*args, **kwargs)
           ^^^^^^^^^^^^^^^^^^^^^
  File "C:\Users\pbard\.conda\envs\transplantML\Lib\site-packages\sklearn\linear_model\_omp.py", line 605, in orthogonal_mp_gram
    raise ValueError(
ValueError: The number of atoms cannot be more than the number of features

  warnings.warn(some_fits_failed_message, FitFailedWarning)
C:\Users\pbard\.conda\envs\transplantML\Lib\site-packages\sklearn\model_selection\_search.py:1052: UserWarning: One or more of the test scores are non-finite: [-497.29607331 -464.99769782 -214.63055053 -207.29716395           nan
           nan           nan]
  warnings.warn(
C:\Users\pbard\.conda\envs\transplantML\Lib\site-packages\sklearn\model_selection\_validation.py:540: FitFailedWarning: 
15 fits failed out of a total of 35.
The score on these train-test partitions for these parameters will be set to nan.
If these failures are not expected, you can try to debug them by setting error_score='raise'.

Below are more details about the failures:
--------------------------------------------------------------------------------
15 fits failed with the following error:
Traceback (most recent call last):
  File "C:\Users\pbard\.conda\envs\transplantML\Lib\site-packages\sklearn\model_selection\_validation.py", line 888, in _fit_and_score
    estimator.fit(X_train, y_train, **fit_params)
  File "C:\Users\pbard\.conda\envs\transplantML\Lib\site-packages\sklearn\base.py", line 1473, in wrapper
    return fit_method(estimator, *args, **kwargs)
           ^^^^^^^^^^^^^^^^^^^^^^^^^^^^^^^^^^^^^^
  File "C:\Users\pbard\.conda\envs\transplantML\Lib\site-packages\sklearn\linear_model\_omp.py", line 804, in fit
    coef_, self.n_iter_ = orthogonal_mp_gram(
                          ^^^^^^^^^^^^^^^^^^^
  File "C:\Users\pbard\.conda\envs\transplantML\Lib\site-packages\sklearn\utils\_param_validation.py", line 186, in wrapper
    return func(*args, **kwargs)
           ^^^^^^^^^^^^^^^^^^^^^
  File "C:\Users\pbard\.conda\envs\transplantML\Lib\site-packages\sklearn\linear_model\_omp.py", line 605, in orthogonal_mp_gram
    raise ValueError(
ValueError: The number of atoms cannot be more than the number of features

  warnings.warn(some_fits_failed_message, FitFailedWarning)
C:\Users\pbard\.conda\envs\transplantML\Lib\site-packages\sklearn\model_selection\_search.py:1052: UserWarning: One or more of the test scores are non-finite: [-441.70315857 -456.62804623 -219.50933689 -213.46832117           nan
           nan           nan]
  warnings.warn(
C:\Users\pbard\.conda\envs\transplantML\Lib\site-packages\sklearn\model_selection\_validation.py:540: FitFailedWarning: 
15 fits failed out of a total of 35.
The score on these train-test partitions for these parameters will be set to nan.
If these failures are not expected, you can try to debug them by setting error_score='raise'.

Below are more details about the failures:
--------------------------------------------------------------------------------
15 fits failed with the following error:
Traceback (most recent call last):
  File "C:\Users\pbard\.conda\envs\transplantML\Lib\site-packages\sklearn\model_selection\_validation.py", line 888, in _fit_and_score
    estimator.fit(X_train, y_train, **fit_params)
  File "C:\Users\pbard\.conda\envs\transplantML\Lib\site-packages\sklearn\base.py", line 1473, in wrapper
    return fit_method(estimator, *args, **kwargs)
           ^^^^^^^^^^^^^^^^^^^^^^^^^^^^^^^^^^^^^^
  File "C:\Users\pbard\.conda\envs\transplantML\Lib\site-packages\sklearn\linear_model\_omp.py", line 804, in fit
    coef_, self.n_iter_ = orthogonal_mp_gram(
                          ^^^^^^^^^^^^^^^^^^^
  File "C:\Users\pbard\.conda\envs\transplantML\Lib\site-packages\sklearn\utils\_param_validation.py", line 186, in wrapper
    return func(*args, **kwargs)
           ^^^^^^^^^^^^^^^^^^^^^
  File "C:\Users\pbard\.conda\envs\transplantML\Lib\site-packages\sklearn\linear_model\_omp.py", line 605, in orthogonal_mp_gram
    raise ValueError(
ValueError: The number of atoms cannot be more than the number of features

  warnings.warn(some_fits_failed_message, FitFailedWarning)
C:\Users\pbard\.conda\envs\transplantML\Lib\site-packages\sklearn\model_selection\_search.py:1052: UserWarning: One or more of the test scores are non-finite: [-485.75343999 -448.44458911 -232.55778405 -219.31648644           nan
           nan           nan]
  warnings.warn(
C:\Users\pbard\.conda\envs\transplantML\Lib\site-packages\sklearn\model_selection\_validation.py:540: FitFailedWarning: 
15 fits failed out of a total of 35.
The score on these train-test partitions for these parameters will be set to nan.
If these failures are not expected, you can try to debug them by setting error_score='raise'.

Below are more details about the failures:
--------------------------------------------------------------------------------
15 fits failed with the following error:
Traceback (most recent call last):
  File "C:\Users\pbard\.conda\envs\transplantML\Lib\site-packages\sklearn\model_selection\_validation.py", line 888, in _fit_and_score
    estimator.fit(X_train, y_train, **fit_params)
  File "C:\Users\pbard\.conda\envs\transplantML\Lib\site-packages\sklearn\base.py", line 1473, in wrapper
    return fit_method(estimator, *args, **kwargs)
           ^^^^^^^^^^^^^^^^^^^^^^^^^^^^^^^^^^^^^^
  File "C:\Users\pbard\.conda\envs\transplantML\Lib\site-packages\sklearn\linear_model\_omp.py", line 804, in fit
    coef_, self.n_iter_ = orthogonal_mp_gram(
                          ^^^^^^^^^^^^^^^^^^^
  File "C:\Users\pbard\.conda\envs\transplantML\Lib\site-packages\sklearn\utils\_param_validation.py", line 186, in wrapper
    return func(*args, **kwargs)
           ^^^^^^^^^^^^^^^^^^^^^
  File "C:\Users\pbard\.conda\envs\transplantML\Lib\site-packages\sklearn\linear_model\_omp.py", line 605, in orthogonal_mp_gram
    raise ValueError(
ValueError: The number of atoms cannot be more than the number of features

  warnings.warn(some_fits_failed_message, FitFailedWarning)
C:\Users\pbard\.conda\envs\transplantML\Lib\site-packages\sklearn\model_selection\_search.py:1052: UserWarning: One or more of the test scores are non-finite: [-397.32227414 -398.10819309 -176.54527416 -170.6247446            nan
           nan           nan]
  warnings.warn(
C:\Users\pbard\.conda\envs\transplantML\Lib\site-packages\sklearn\model_selection\_validation.py:540: FitFailedWarning: 
15 fits failed out of a total of 35.
The score on these train-test partitions for these parameters will be set to nan.
If these failures are not expected, you can try to debug them by setting error_score='raise'.

Below are more details about the failures:
--------------------------------------------------------------------------------
15 fits failed with the following error:
Traceback (most recent call last):
  File "C:\Users\pbard\.conda\envs\transplantML\Lib\site-packages\sklearn\model_selection\_validation.py", line 888, in _fit_and_score
    estimator.fit(X_train, y_train, **fit_params)
  File "C:\Users\pbard\.conda\envs\transplantML\Lib\site-packages\sklearn\base.py", line 1473, in wrapper
    return fit_method(estimator, *args, **kwargs)
           ^^^^^^^^^^^^^^^^^^^^^^^^^^^^^^^^^^^^^^
  File "C:\Users\pbard\.conda\envs\transplantML\Lib\site-packages\sklearn\linear_model\_omp.py", line 804, in fit
    coef_, self.n_iter_ = orthogonal_mp_gram(
                          ^^^^^^^^^^^^^^^^^^^
  File "C:\Users\pbard\.conda\envs\transplantML\Lib\site-packages\sklearn\utils\_param_validation.py", line 186, in wrapper
    return func(*args, **kwargs)
           ^^^^^^^^^^^^^^^^^^^^^
  File "C:\Users\pbard\.conda\envs\transplantML\Lib\site-packages\sklearn\linear_model\_omp.py", line 605, in orthogonal_mp_gram
    raise ValueError(
ValueError: The number of atoms cannot be more than the number of features

  warnings.warn(some_fits_failed_message, FitFailedWarning)
C:\Users\pbard\.conda\envs\transplantML\Lib\site-packages\sklearn\model_selection\_search.py:1052: UserWarning: One or more of the test scores are non-finite: [-462.07066681 -434.97636172 -211.12643705 -205.71801523           nan
           nan           nan]
  warnings.warn(
C:\Users\pbard\.conda\envs\transplantML\Lib\site-packages\sklearn\model_selection\_validation.py:540: FitFailedWarning: 
15 fits failed out of a total of 35.
The score on these train-test partitions for these parameters will be set to nan.
If these failures are not expected, you can try to debug them by setting error_score='raise'.

Below are more details about the failures:
--------------------------------------------------------------------------------
15 fits failed with the following error:
Traceback (most recent call last):
  File "C:\Users\pbard\.conda\envs\transplantML\Lib\site-packages\sklearn\model_selection\_validation.py", line 888, in _fit_and_score
    estimator.fit(X_train, y_train, **fit_params)
  File "C:\Users\pbard\.conda\envs\transplantML\Lib\site-packages\sklearn\base.py", line 1473, in wrapper
    return fit_method(estimator, *args, **kwargs)
           ^^^^^^^^^^^^^^^^^^^^^^^^^^^^^^^^^^^^^^
  File "C:\Users\pbard\.conda\envs\transplantML\Lib\site-packages\sklearn\linear_model\_omp.py", line 804, in fit
    coef_, self.n_iter_ = orthogonal_mp_gram(
                          ^^^^^^^^^^^^^^^^^^^
  File "C:\Users\pbard\.conda\envs\transplantML\Lib\site-packages\sklearn\utils\_param_validation.py", line 186, in wrapper
    return func(*args, **kwargs)
           ^^^^^^^^^^^^^^^^^^^^^
  File "C:\Users\pbard\.conda\envs\transplantML\Lib\site-packages\sklearn\linear_model\_omp.py", line 605, in orthogonal_mp_gram
    raise ValueError(
ValueError: The number of atoms cannot be more than the number of features

  warnings.warn(some_fits_failed_message, FitFailedWarning)
C:\Users\pbard\.conda\envs\transplantML\Lib\site-packages\sklearn\model_selection\_search.py:1052: UserWarning: One or more of the test scores are non-finite: [-526.74927866 -515.06509362 -347.35189478 -365.25677434           nan
           nan           nan]
  warnings.warn(
C:\Users\pbard\.conda\envs\transplantML\Lib\site-packages\sklearn\model_selection\_validation.py:540: FitFailedWarning: 
15 fits failed out of a total of 35.
The score on these train-test partitions for these parameters will be set to nan.
If these failures are not expected, you can try to debug them by setting error_score='raise'.

Below are more details about the failures:
--------------------------------------------------------------------------------
15 fits failed with the following error:
Traceback (most recent call last):
  File "C:\Users\pbard\.conda\envs\transplantML\Lib\site-packages\sklearn\model_selection\_validation.py", line 888, in _fit_and_score
    estimator.fit(X_train, y_train, **fit_params)
  File "C:\Users\pbard\.conda\envs\transplantML\Lib\site-packages\sklearn\base.py", line 1473, in wrapper
    return fit_method(estimator, *args, **kwargs)
           ^^^^^^^^^^^^^^^^^^^^^^^^^^^^^^^^^^^^^^
  File "C:\Users\pbard\.conda\envs\transplantML\Lib\site-packages\sklearn\linear_model\_omp.py", line 804, in fit
    coef_, self.n_iter_ = orthogonal_mp_gram(
                          ^^^^^^^^^^^^^^^^^^^
  File "C:\Users\pbard\.conda\envs\transplantML\Lib\site-packages\sklearn\utils\_param_validation.py", line 186, in wrapper
    return func(*args, **kwargs)
           ^^^^^^^^^^^^^^^^^^^^^
  File "C:\Users\pbard\.conda\envs\transplantML\Lib\site-packages\sklearn\linear_model\_omp.py", line 605, in orthogonal_mp_gram
    raise ValueError(
ValueError: The number of atoms cannot be more than the number of features

  warnings.warn(some_fits_failed_message, FitFailedWarning)
C:\Users\pbard\.conda\envs\transplantML\Lib\site-packages\sklearn\model_selection\_search.py:1052: UserWarning: One or more of the test scores are non-finite: [-355.92290885 -353.21204635 -308.91053429 -369.37308752           nan
           nan           nan]
  warnings.warn(
C:\Users\pbard\.conda\envs\transplantML\Lib\site-packages\sklearn\model_selection\_validation.py:540: FitFailedWarning: 
15 fits failed out of a total of 35.
The score on these train-test partitions for these parameters will be set to nan.
If these failures are not expected, you can try to debug them by setting error_score='raise'.

Below are more details about the failures:
--------------------------------------------------------------------------------
15 fits failed with the following error:
Traceback (most recent call last):
  File "C:\Users\pbard\.conda\envs\transplantML\Lib\site-packages\sklearn\model_selection\_validation.py", line 888, in _fit_and_score
    estimator.fit(X_train, y_train, **fit_params)
  File "C:\Users\pbard\.conda\envs\transplantML\Lib\site-packages\sklearn\base.py", line 1473, in wrapper
    return fit_method(estimator, *args, **kwargs)
           ^^^^^^^^^^^^^^^^^^^^^^^^^^^^^^^^^^^^^^
  File "C:\Users\pbard\.conda\envs\transplantML\Lib\site-packages\sklearn\linear_model\_omp.py", line 804, in fit
    coef_, self.n_iter_ = orthogonal_mp_gram(
                          ^^^^^^^^^^^^^^^^^^^
  File "C:\Users\pbard\.conda\envs\transplantML\Lib\site-packages\sklearn\utils\_param_validation.py", line 186, in wrapper
    return func(*args, **kwargs)
           ^^^^^^^^^^^^^^^^^^^^^
  File "C:\Users\pbard\.conda\envs\transplantML\Lib\site-packages\sklearn\linear_model\_omp.py", line 605, in orthogonal_mp_gram
    raise ValueError(
ValueError: The number of atoms cannot be more than the number of features

  warnings.warn(some_fits_failed_message, FitFailedWarning)
C:\Users\pbard\.conda\envs\transplantML\Lib\site-packages\sklearn\model_selection\_search.py:1052: UserWarning: One or more of the test scores are non-finite: [-517.83530577 -488.78350383 -377.42375045 -417.13362618           nan
           nan           nan]
  warnings.warn(
C:\Users\pbard\.conda\envs\transplantML\Lib\site-packages\sklearn\model_selection\_validation.py:540: FitFailedWarning: 
15 fits failed out of a total of 35.
The score on these train-test partitions for these parameters will be set to nan.
If these failures are not expected, you can try to debug them by setting error_score='raise'.

Below are more details about the failures:
--------------------------------------------------------------------------------
15 fits failed with the following error:
Traceback (most recent call last):
  File "C:\Users\pbard\.conda\envs\transplantML\Lib\site-packages\sklearn\model_selection\_validation.py", line 888, in _fit_and_score
    estimator.fit(X_train, y_train, **fit_params)
  File "C:\Users\pbard\.conda\envs\transplantML\Lib\site-packages\sklearn\base.py", line 1473, in wrapper
    return fit_method(estimator, *args, **kwargs)
           ^^^^^^^^^^^^^^^^^^^^^^^^^^^^^^^^^^^^^^
  File "C:\Users\pbard\.conda\envs\transplantML\Lib\site-packages\sklearn\linear_model\_omp.py", line 804, in fit
    coef_, self.n_iter_ = orthogonal_mp_gram(
                          ^^^^^^^^^^^^^^^^^^^
  File "C:\Users\pbard\.conda\envs\transplantML\Lib\site-packages\sklearn\utils\_param_validation.py", line 186, in wrapper
    return func(*args, **kwargs)
           ^^^^^^^^^^^^^^^^^^^^^
  File "C:\Users\pbard\.conda\envs\transplantML\Lib\site-packages\sklearn\linear_model\_omp.py", line 605, in orthogonal_mp_gram
    raise ValueError(
ValueError: The number of atoms cannot be more than the number of features

  warnings.warn(some_fits_failed_message, FitFailedWarning)
C:\Users\pbard\.conda\envs\transplantML\Lib\site-packages\sklearn\model_selection\_search.py:1052: UserWarning: One or more of the test scores are non-finite: [-452.86012526 -445.29863332 -294.81087116 -363.61613659           nan
           nan           nan]
  warnings.warn(
C:\Users\pbard\.conda\envs\transplantML\Lib\site-packages\sklearn\model_selection\_validation.py:540: FitFailedWarning: 
15 fits failed out of a total of 35.
The score on these train-test partitions for these parameters will be set to nan.
If these failures are not expected, you can try to debug them by setting error_score='raise'.

Below are more details about the failures:
--------------------------------------------------------------------------------
15 fits failed with the following error:
Traceback (most recent call last):
  File "C:\Users\pbard\.conda\envs\transplantML\Lib\site-packages\sklearn\model_selection\_validation.py", line 888, in _fit_and_score
    estimator.fit(X_train, y_train, **fit_params)
  File "C:\Users\pbard\.conda\envs\transplantML\Lib\site-packages\sklearn\base.py", line 1473, in wrapper
    return fit_method(estimator, *args, **kwargs)
           ^^^^^^^^^^^^^^^^^^^^^^^^^^^^^^^^^^^^^^
  File "C:\Users\pbard\.conda\envs\transplantML\Lib\site-packages\sklearn\linear_model\_omp.py", line 804, in fit
    coef_, self.n_iter_ = orthogonal_mp_gram(
                          ^^^^^^^^^^^^^^^^^^^
  File "C:\Users\pbard\.conda\envs\transplantML\Lib\site-packages\sklearn\utils\_param_validation.py", line 186, in wrapper
    return func(*args, **kwargs)
           ^^^^^^^^^^^^^^^^^^^^^
  File "C:\Users\pbard\.conda\envs\transplantML\Lib\site-packages\sklearn\linear_model\_omp.py", line 605, in orthogonal_mp_gram
    raise ValueError(
ValueError: The number of atoms cannot be more than the number of features

  warnings.warn(some_fits_failed_message, FitFailedWarning)
C:\Users\pbard\.conda\envs\transplantML\Lib\site-packages\sklearn\model_selection\_search.py:1052: UserWarning: One or more of the test scores are non-finite: [-437.24325707 -426.86052782 -327.87763212 -412.51891076           nan
           nan           nan]
  warnings.warn(
C:\Users\pbard\.conda\envs\transplantML\Lib\site-packages\sklearn\model_selection\_validation.py:540: FitFailedWarning: 
15 fits failed out of a total of 35.
The score on these train-test partitions for these parameters will be set to nan.
If these failures are not expected, you can try to debug them by setting error_score='raise'.

Below are more details about the failures:
--------------------------------------------------------------------------------
15 fits failed with the following error:
Traceback (most recent call last):
  File "C:\Users\pbard\.conda\envs\transplantML\Lib\site-packages\sklearn\model_selection\_validation.py", line 888, in _fit_and_score
    estimator.fit(X_train, y_train, **fit_params)
  File "C:\Users\pbard\.conda\envs\transplantML\Lib\site-packages\sklearn\base.py", line 1473, in wrapper
    return fit_method(estimator, *args, **kwargs)
           ^^^^^^^^^^^^^^^^^^^^^^^^^^^^^^^^^^^^^^
  File "C:\Users\pbard\.conda\envs\transplantML\Lib\site-packages\sklearn\linear_model\_omp.py", line 804, in fit
    coef_, self.n_iter_ = orthogonal_mp_gram(
                          ^^^^^^^^^^^^^^^^^^^
  File "C:\Users\pbard\.conda\envs\transplantML\Lib\site-packages\sklearn\utils\_param_validation.py", line 186, in wrapper
    return func(*args, **kwargs)
           ^^^^^^^^^^^^^^^^^^^^^
  File "C:\Users\pbard\.conda\envs\transplantML\Lib\site-packages\sklearn\linear_model\_omp.py", line 605, in orthogonal_mp_gram
    raise ValueError(
ValueError: The number of atoms cannot be more than the number of features

  warnings.warn(some_fits_failed_message, FitFailedWarning)
C:\Users\pbard\.conda\envs\transplantML\Lib\site-packages\sklearn\model_selection\_search.py:1052: UserWarning: One or more of the test scores are non-finite: [-497.29607331 -500.85408305 -311.66405251 -428.19417739           nan
           nan           nan]
  warnings.warn(
C:\Users\pbard\.conda\envs\transplantML\Lib\site-packages\sklearn\model_selection\_validation.py:540: FitFailedWarning: 
15 fits failed out of a total of 35.
The score on these train-test partitions for these parameters will be set to nan.
If these failures are not expected, you can try to debug them by setting error_score='raise'.

Below are more details about the failures:
--------------------------------------------------------------------------------
15 fits failed with the following error:
Traceback (most recent call last):
  File "C:\Users\pbard\.conda\envs\transplantML\Lib\site-packages\sklearn\model_selection\_validation.py", line 888, in _fit_and_score
    estimator.fit(X_train, y_train, **fit_params)
  File "C:\Users\pbard\.conda\envs\transplantML\Lib\site-packages\sklearn\base.py", line 1473, in wrapper
    return fit_method(estimator, *args, **kwargs)
           ^^^^^^^^^^^^^^^^^^^^^^^^^^^^^^^^^^^^^^
  File "C:\Users\pbard\.conda\envs\transplantML\Lib\site-packages\sklearn\linear_model\_omp.py", line 804, in fit
    coef_, self.n_iter_ = orthogonal_mp_gram(
                          ^^^^^^^^^^^^^^^^^^^
  File "C:\Users\pbard\.conda\envs\transplantML\Lib\site-packages\sklearn\utils\_param_validation.py", line 186, in wrapper
    return func(*args, **kwargs)
           ^^^^^^^^^^^^^^^^^^^^^
  File "C:\Users\pbard\.conda\envs\transplantML\Lib\site-packages\sklearn\linear_model\_omp.py", line 605, in orthogonal_mp_gram
    raise ValueError(
ValueError: The number of atoms cannot be more than the number of features

  warnings.warn(some_fits_failed_message, FitFailedWarning)
C:\Users\pbard\.conda\envs\transplantML\Lib\site-packages\sklearn\model_selection\_search.py:1052: UserWarning: One or more of the test scores are non-finite: [-441.70315857 -456.62804623 -366.28407405 -464.6573525            nan
           nan           nan]
  warnings.warn(
C:\Users\pbard\.conda\envs\transplantML\Lib\site-packages\sklearn\model_selection\_validation.py:540: FitFailedWarning: 
15 fits failed out of a total of 35.
The score on these train-test partitions for these parameters will be set to nan.
If these failures are not expected, you can try to debug them by setting error_score='raise'.

Below are more details about the failures:
--------------------------------------------------------------------------------
15 fits failed with the following error:
Traceback (most recent call last):
  File "C:\Users\pbard\.conda\envs\transplantML\Lib\site-packages\sklearn\model_selection\_validation.py", line 888, in _fit_and_score
    estimator.fit(X_train, y_train, **fit_params)
  File "C:\Users\pbard\.conda\envs\transplantML\Lib\site-packages\sklearn\base.py", line 1473, in wrapper
    return fit_method(estimator, *args, **kwargs)
           ^^^^^^^^^^^^^^^^^^^^^^^^^^^^^^^^^^^^^^
  File "C:\Users\pbard\.conda\envs\transplantML\Lib\site-packages\sklearn\linear_model\_omp.py", line 804, in fit
    coef_, self.n_iter_ = orthogonal_mp_gram(
                          ^^^^^^^^^^^^^^^^^^^
  File "C:\Users\pbard\.conda\envs\transplantML\Lib\site-packages\sklearn\utils\_param_validation.py", line 186, in wrapper
    return func(*args, **kwargs)
           ^^^^^^^^^^^^^^^^^^^^^
  File "C:\Users\pbard\.conda\envs\transplantML\Lib\site-packages\sklearn\linear_model\_omp.py", line 605, in orthogonal_mp_gram
    raise ValueError(
ValueError: The number of atoms cannot be more than the number of features

  warnings.warn(some_fits_failed_message, FitFailedWarning)
C:\Users\pbard\.conda\envs\transplantML\Lib\site-packages\sklearn\model_selection\_search.py:1052: UserWarning: One or more of the test scores are non-finite: [-485.75343999 -448.44458911 -356.24841029 -403.28712157           nan
           nan           nan]
  warnings.warn(
C:\Users\pbard\.conda\envs\transplantML\Lib\site-packages\sklearn\model_selection\_validation.py:540: FitFailedWarning: 
15 fits failed out of a total of 35.
The score on these train-test partitions for these parameters will be set to nan.
If these failures are not expected, you can try to debug them by setting error_score='raise'.

Below are more details about the failures:
--------------------------------------------------------------------------------
15 fits failed with the following error:
Traceback (most recent call last):
  File "C:\Users\pbard\.conda\envs\transplantML\Lib\site-packages\sklearn\model_selection\_validation.py", line 888, in _fit_and_score
    estimator.fit(X_train, y_train, **fit_params)
  File "C:\Users\pbard\.conda\envs\transplantML\Lib\site-packages\sklearn\base.py", line 1473, in wrapper
    return fit_method(estimator, *args, **kwargs)
           ^^^^^^^^^^^^^^^^^^^^^^^^^^^^^^^^^^^^^^
  File "C:\Users\pbard\.conda\envs\transplantML\Lib\site-packages\sklearn\linear_model\_omp.py", line 804, in fit
    coef_, self.n_iter_ = orthogonal_mp_gram(
                          ^^^^^^^^^^^^^^^^^^^
  File "C:\Users\pbard\.conda\envs\transplantML\Lib\site-packages\sklearn\utils\_param_validation.py", line 186, in wrapper
    return func(*args, **kwargs)
           ^^^^^^^^^^^^^^^^^^^^^
  File "C:\Users\pbard\.conda\envs\transplantML\Lib\site-packages\sklearn\linear_model\_omp.py", line 605, in orthogonal_mp_gram
    raise ValueError(
ValueError: The number of atoms cannot be more than the number of features

  warnings.warn(some_fits_failed_message, FitFailedWarning)
C:\Users\pbard\.conda\envs\transplantML\Lib\site-packages\sklearn\model_selection\_search.py:1052: UserWarning: One or more of the test scores are non-finite: [-397.32227414 -398.10819309 -282.03295664 -335.90113698           nan
           nan           nan]
  warnings.warn(
C:\Users\pbard\.conda\envs\transplantML\Lib\site-packages\sklearn\model_selection\_validation.py:540: FitFailedWarning: 
15 fits failed out of a total of 35.
The score on these train-test partitions for these parameters will be set to nan.
If these failures are not expected, you can try to debug them by setting error_score='raise'.

Below are more details about the failures:
--------------------------------------------------------------------------------
15 fits failed with the following error:
Traceback (most recent call last):
  File "C:\Users\pbard\.conda\envs\transplantML\Lib\site-packages\sklearn\model_selection\_validation.py", line 888, in _fit_and_score
    estimator.fit(X_train, y_train, **fit_params)
  File "C:\Users\pbard\.conda\envs\transplantML\Lib\site-packages\sklearn\base.py", line 1473, in wrapper
    return fit_method(estimator, *args, **kwargs)
           ^^^^^^^^^^^^^^^^^^^^^^^^^^^^^^^^^^^^^^
  File "C:\Users\pbard\.conda\envs\transplantML\Lib\site-packages\sklearn\linear_model\_omp.py", line 804, in fit
    coef_, self.n_iter_ = orthogonal_mp_gram(
                          ^^^^^^^^^^^^^^^^^^^
  File "C:\Users\pbard\.conda\envs\transplantML\Lib\site-packages\sklearn\utils\_param_validation.py", line 186, in wrapper
    return func(*args, **kwargs)
           ^^^^^^^^^^^^^^^^^^^^^
  File "C:\Users\pbard\.conda\envs\transplantML\Lib\site-packages\sklearn\linear_model\_omp.py", line 605, in orthogonal_mp_gram
    raise ValueError(
ValueError: The number of atoms cannot be more than the number of features

  warnings.warn(some_fits_failed_message, FitFailedWarning)
C:\Users\pbard\.conda\envs\transplantML\Lib\site-packages\sklearn\model_selection\_search.py:1052: UserWarning: One or more of the test scores are non-finite: [-462.07066681 -434.97636172 -355.47399754 -410.22164249           nan
           nan           nan]
  warnings.warn(
C:\Users\pbard\.conda\envs\transplantML\Lib\site-packages\sklearn\linear_model\_ridge.py:253: LinAlgWarning: Ill-conditioned matrix (rcond=6.86935e-17): result may not be accurate.
  dual_coef = linalg.solve(K, y, assume_a="pos", overwrite_a=False)
C:\Users\pbard\.conda\envs\transplantML\Lib\site-packages\sklearn\linear_model\_ridge.py:253: LinAlgWarning: Ill-conditioned matrix (rcond=6.86935e-17): result may not be accurate.
  dual_coef = linalg.solve(K, y, assume_a="pos", overwrite_a=False)
C:\Users\pbard\.conda\envs\transplantML\Lib\site-packages\sklearn\linear_model\_ridge.py:253: LinAlgWarning: Ill-conditioned matrix (rcond=6.86935e-17): result may not be accurate.
  dual_coef = linalg.solve(K, y, assume_a="pos", overwrite_a=False)
C:\Users\pbard\.conda\envs\transplantML\Lib\site-packages\sklearn\linear_model\_ridge.py:253: LinAlgWarning: Ill-conditioned matrix (rcond=6.86935e-17): result may not be accurate.
  dual_coef = linalg.solve(K, y, assume_a="pos", overwrite_a=False)
C:\Users\pbard\.conda\envs\transplantML\Lib\site-packages\sklearn\linear_model\_ridge.py:253: LinAlgWarning: Ill-conditioned matrix (rcond=6.86935e-17): result may not be accurate.
  dual_coef = linalg.solve(K, y, assume_a="pos", overwrite_a=False)
C:\Users\pbard\.conda\envs\transplantML\Lib\site-packages\sklearn\linear_model\_ridge.py:253: LinAlgWarning: Ill-conditioned matrix (rcond=9.34372e-17): result may not be accurate.
  dual_coef = linalg.solve(K, y, assume_a="pos", overwrite_a=False)
C:\Users\pbard\.conda\envs\transplantML\Lib\site-packages\sklearn\linear_model\_ridge.py:253: LinAlgWarning: Ill-conditioned matrix (rcond=9.34372e-17): result may not be accurate.
  dual_coef = linalg.solve(K, y, assume_a="pos", overwrite_a=False)
C:\Users\pbard\.conda\envs\transplantML\Lib\site-packages\sklearn\linear_model\_ridge.py:253: LinAlgWarning: Ill-conditioned matrix (rcond=9.34372e-17): result may not be accurate.
  dual_coef = linalg.solve(K, y, assume_a="pos", overwrite_a=False)
C:\Users\pbard\.conda\envs\transplantML\Lib\site-packages\sklearn\linear_model\_ridge.py:253: LinAlgWarning: Ill-conditioned matrix (rcond=9.34372e-17): result may not be accurate.
  dual_coef = linalg.solve(K, y, assume_a="pos", overwrite_a=False)
C:\Users\pbard\.conda\envs\transplantML\Lib\site-packages\sklearn\linear_model\_ridge.py:253: LinAlgWarning: Ill-conditioned matrix (rcond=9.34372e-17): result may not be accurate.
  dual_coef = linalg.solve(K, y, assume_a="pos", overwrite_a=False)
C:\Users\pbard\.conda\envs\transplantML\Lib\site-packages\sklearn\linear_model\_ridge.py:253: LinAlgWarning: Ill-conditioned matrix (rcond=8.70104e-17): result may not be accurate.
  dual_coef = linalg.solve(K, y, assume_a="pos", overwrite_a=False)
C:\Users\pbard\.conda\envs\transplantML\Lib\site-packages\sklearn\linear_model\_ridge.py:253: LinAlgWarning: Ill-conditioned matrix (rcond=8.70104e-17): result may not be accurate.
  dual_coef = linalg.solve(K, y, assume_a="pos", overwrite_a=False)
C:\Users\pbard\.conda\envs\transplantML\Lib\site-packages\sklearn\linear_model\_ridge.py:253: LinAlgWarning: Ill-conditioned matrix (rcond=8.70104e-17): result may not be accurate.
  dual_coef = linalg.solve(K, y, assume_a="pos", overwrite_a=False)
C:\Users\pbard\.conda\envs\transplantML\Lib\site-packages\sklearn\linear_model\_ridge.py:253: LinAlgWarning: Ill-conditioned matrix (rcond=8.70104e-17): result may not be accurate.
  dual_coef = linalg.solve(K, y, assume_a="pos", overwrite_a=False)
C:\Users\pbard\.conda\envs\transplantML\Lib\site-packages\sklearn\linear_model\_ridge.py:253: LinAlgWarning: Ill-conditioned matrix (rcond=8.70104e-17): result may not be accurate.
  dual_coef = linalg.solve(K, y, assume_a="pos", overwrite_a=False)
C:\Users\pbard\.conda\envs\transplantML\Lib\site-packages\sklearn\linear_model\_ridge.py:253: LinAlgWarning: Ill-conditioned matrix (rcond=1.06528e-16): result may not be accurate.
  dual_coef = linalg.solve(K, y, assume_a="pos", overwrite_a=False)
C:\Users\pbard\.conda\envs\transplantML\Lib\site-packages\sklearn\linear_model\_ridge.py:253: LinAlgWarning: Ill-conditioned matrix (rcond=1.06528e-16): result may not be accurate.
  dual_coef = linalg.solve(K, y, assume_a="pos", overwrite_a=False)
C:\Users\pbard\.conda\envs\transplantML\Lib\site-packages\sklearn\linear_model\_ridge.py:253: LinAlgWarning: Ill-conditioned matrix (rcond=1.06528e-16): result may not be accurate.
  dual_coef = linalg.solve(K, y, assume_a="pos", overwrite_a=False)
C:\Users\pbard\.conda\envs\transplantML\Lib\site-packages\sklearn\linear_model\_ridge.py:253: LinAlgWarning: Ill-conditioned matrix (rcond=1.06528e-16): result may not be accurate.
  dual_coef = linalg.solve(K, y, assume_a="pos", overwrite_a=False)
C:\Users\pbard\.conda\envs\transplantML\Lib\site-packages\sklearn\linear_model\_ridge.py:253: LinAlgWarning: Ill-conditioned matrix (rcond=1.06528e-16): result may not be accurate.
  dual_coef = linalg.solve(K, y, assume_a="pos", overwrite_a=False)
C:\Users\pbard\.conda\envs\transplantML\Lib\site-packages\sklearn\linear_model\_ridge.py:253: LinAlgWarning: Ill-conditioned matrix (rcond=1.06536e-16): result may not be accurate.
  dual_coef = linalg.solve(K, y, assume_a="pos", overwrite_a=False)
C:\Users\pbard\.conda\envs\transplantML\Lib\site-packages\sklearn\linear_model\_ridge.py:253: LinAlgWarning: Ill-conditioned matrix (rcond=1.06536e-16): result may not be accurate.
  dual_coef = linalg.solve(K, y, assume_a="pos", overwrite_a=False)
C:\Users\pbard\.conda\envs\transplantML\Lib\site-packages\sklearn\linear_model\_ridge.py:253: LinAlgWarning: Ill-conditioned matrix (rcond=1.06536e-16): result may not be accurate.
  dual_coef = linalg.solve(K, y, assume_a="pos", overwrite_a=False)
C:\Users\pbard\.conda\envs\transplantML\Lib\site-packages\sklearn\linear_model\_ridge.py:253: LinAlgWarning: Ill-conditioned matrix (rcond=1.06536e-16): result may not be accurate.
  dual_coef = linalg.solve(K, y, assume_a="pos", overwrite_a=False)
C:\Users\pbard\.conda\envs\transplantML\Lib\site-packages\sklearn\linear_model\_ridge.py:253: LinAlgWarning: Ill-conditioned matrix (rcond=1.06536e-16): result may not be accurate.
  dual_coef = linalg.solve(K, y, assume_a="pos", overwrite_a=False)
C:\Users\pbard\.conda\envs\transplantML\Lib\site-packages\sklearn\model_selection\_validation.py:540: FitFailedWarning: 
15 fits failed out of a total of 35.
The score on these train-test partitions for these parameters will be set to nan.
If these failures are not expected, you can try to debug them by setting error_score='raise'.

Below are more details about the failures:
--------------------------------------------------------------------------------
15 fits failed with the following error:
Traceback (most recent call last):
  File "C:\Users\pbard\.conda\envs\transplantML\Lib\site-packages\sklearn\model_selection\_validation.py", line 888, in _fit_and_score
    estimator.fit(X_train, y_train, **fit_params)
  File "C:\Users\pbard\.conda\envs\transplantML\Lib\site-packages\sklearn\base.py", line 1473, in wrapper
    return fit_method(estimator, *args, **kwargs)
           ^^^^^^^^^^^^^^^^^^^^^^^^^^^^^^^^^^^^^^
  File "C:\Users\pbard\.conda\envs\transplantML\Lib\site-packages\sklearn\linear_model\_omp.py", line 804, in fit
    coef_, self.n_iter_ = orthogonal_mp_gram(
                          ^^^^^^^^^^^^^^^^^^^
  File "C:\Users\pbard\.conda\envs\transplantML\Lib\site-packages\sklearn\utils\_param_validation.py", line 186, in wrapper
    return func(*args, **kwargs)
           ^^^^^^^^^^^^^^^^^^^^^
  File "C:\Users\pbard\.conda\envs\transplantML\Lib\site-packages\sklearn\linear_model\_omp.py", line 605, in orthogonal_mp_gram
    raise ValueError(
ValueError: The number of atoms cannot be more than the number of features

  warnings.warn(some_fits_failed_message, FitFailedWarning)
C:\Users\pbard\.conda\envs\transplantML\Lib\site-packages\sklearn\model_selection\_search.py:1052: UserWarning: One or more of the test scores are non-finite: [-526.74927866 -515.06509362 -361.13259627 -406.72518267           nan
           nan           nan]
  warnings.warn(
C:\Users\pbard\.conda\envs\transplantML\Lib\site-packages\sklearn\model_selection\_validation.py:540: FitFailedWarning: 
15 fits failed out of a total of 35.
The score on these train-test partitions for these parameters will be set to nan.
If these failures are not expected, you can try to debug them by setting error_score='raise'.

Below are more details about the failures:
--------------------------------------------------------------------------------
15 fits failed with the following error:
Traceback (most recent call last):
  File "C:\Users\pbard\.conda\envs\transplantML\Lib\site-packages\sklearn\model_selection\_validation.py", line 888, in _fit_and_score
    estimator.fit(X_train, y_train, **fit_params)
  File "C:\Users\pbard\.conda\envs\transplantML\Lib\site-packages\sklearn\base.py", line 1473, in wrapper
    return fit_method(estimator, *args, **kwargs)
           ^^^^^^^^^^^^^^^^^^^^^^^^^^^^^^^^^^^^^^
  File "C:\Users\pbard\.conda\envs\transplantML\Lib\site-packages\sklearn\linear_model\_omp.py", line 804, in fit
    coef_, self.n_iter_ = orthogonal_mp_gram(
                          ^^^^^^^^^^^^^^^^^^^
  File "C:\Users\pbard\.conda\envs\transplantML\Lib\site-packages\sklearn\utils\_param_validation.py", line 186, in wrapper
    return func(*args, **kwargs)
           ^^^^^^^^^^^^^^^^^^^^^
  File "C:\Users\pbard\.conda\envs\transplantML\Lib\site-packages\sklearn\linear_model\_omp.py", line 605, in orthogonal_mp_gram
    raise ValueError(
ValueError: The number of atoms cannot be more than the number of features

  warnings.warn(some_fits_failed_message, FitFailedWarning)
C:\Users\pbard\.conda\envs\transplantML\Lib\site-packages\sklearn\model_selection\_search.py:1052: UserWarning: One or more of the test scores are non-finite: [-355.92290885 -353.21204635 -310.35877603 -398.6549786            nan
           nan           nan]
  warnings.warn(
C:\Users\pbard\.conda\envs\transplantML\Lib\site-packages\sklearn\model_selection\_validation.py:540: FitFailedWarning: 
15 fits failed out of a total of 35.
The score on these train-test partitions for these parameters will be set to nan.
If these failures are not expected, you can try to debug them by setting error_score='raise'.

Below are more details about the failures:
--------------------------------------------------------------------------------
15 fits failed with the following error:
Traceback (most recent call last):
  File "C:\Users\pbard\.conda\envs\transplantML\Lib\site-packages\sklearn\model_selection\_validation.py", line 888, in _fit_and_score
    estimator.fit(X_train, y_train, **fit_params)
  File "C:\Users\pbard\.conda\envs\transplantML\Lib\site-packages\sklearn\base.py", line 1473, in wrapper
    return fit_method(estimator, *args, **kwargs)
           ^^^^^^^^^^^^^^^^^^^^^^^^^^^^^^^^^^^^^^
  File "C:\Users\pbard\.conda\envs\transplantML\Lib\site-packages\sklearn\linear_model\_omp.py", line 804, in fit
    coef_, self.n_iter_ = orthogonal_mp_gram(
                          ^^^^^^^^^^^^^^^^^^^
  File "C:\Users\pbard\.conda\envs\transplantML\Lib\site-packages\sklearn\utils\_param_validation.py", line 186, in wrapper
    return func(*args, **kwargs)
           ^^^^^^^^^^^^^^^^^^^^^
  File "C:\Users\pbard\.conda\envs\transplantML\Lib\site-packages\sklearn\linear_model\_omp.py", line 605, in orthogonal_mp_gram
    raise ValueError(
ValueError: The number of atoms cannot be more than the number of features

  warnings.warn(some_fits_failed_message, FitFailedWarning)
C:\Users\pbard\.conda\envs\transplantML\Lib\site-packages\sklearn\model_selection\_search.py:1052: UserWarning: One or more of the test scores are non-finite: [-517.83530577 -488.78350383 -431.91039871 -470.4472055            nan
           nan           nan]
  warnings.warn(
C:\Users\pbard\.conda\envs\transplantML\Lib\site-packages\sklearn\model_selection\_validation.py:540: FitFailedWarning: 
15 fits failed out of a total of 35.
The score on these train-test partitions for these parameters will be set to nan.
If these failures are not expected, you can try to debug them by setting error_score='raise'.

Below are more details about the failures:
--------------------------------------------------------------------------------
15 fits failed with the following error:
Traceback (most recent call last):
  File "C:\Users\pbard\.conda\envs\transplantML\Lib\site-packages\sklearn\model_selection\_validation.py", line 888, in _fit_and_score
    estimator.fit(X_train, y_train, **fit_params)
  File "C:\Users\pbard\.conda\envs\transplantML\Lib\site-packages\sklearn\base.py", line 1473, in wrapper
    return fit_method(estimator, *args, **kwargs)
           ^^^^^^^^^^^^^^^^^^^^^^^^^^^^^^^^^^^^^^
  File "C:\Users\pbard\.conda\envs\transplantML\Lib\site-packages\sklearn\linear_model\_omp.py", line 804, in fit
    coef_, self.n_iter_ = orthogonal_mp_gram(
                          ^^^^^^^^^^^^^^^^^^^
  File "C:\Users\pbard\.conda\envs\transplantML\Lib\site-packages\sklearn\utils\_param_validation.py", line 186, in wrapper
    return func(*args, **kwargs)
           ^^^^^^^^^^^^^^^^^^^^^
  File "C:\Users\pbard\.conda\envs\transplantML\Lib\site-packages\sklearn\linear_model\_omp.py", line 605, in orthogonal_mp_gram
    raise ValueError(
ValueError: The number of atoms cannot be more than the number of features

  warnings.warn(some_fits_failed_message, FitFailedWarning)
C:\Users\pbard\.conda\envs\transplantML\Lib\site-packages\sklearn\model_selection\_search.py:1052: UserWarning: One or more of the test scores are non-finite: [-452.86012526 -445.29863332 -357.76641321 -456.79790539           nan
           nan           nan]
  warnings.warn(
C:\Users\pbard\.conda\envs\transplantML\Lib\site-packages\sklearn\model_selection\_validation.py:540: FitFailedWarning: 
15 fits failed out of a total of 35.
The score on these train-test partitions for these parameters will be set to nan.
If these failures are not expected, you can try to debug them by setting error_score='raise'.

Below are more details about the failures:
--------------------------------------------------------------------------------
15 fits failed with the following error:
Traceback (most recent call last):
  File "C:\Users\pbard\.conda\envs\transplantML\Lib\site-packages\sklearn\model_selection\_validation.py", line 888, in _fit_and_score
    estimator.fit(X_train, y_train, **fit_params)
  File "C:\Users\pbard\.conda\envs\transplantML\Lib\site-packages\sklearn\base.py", line 1473, in wrapper
    return fit_method(estimator, *args, **kwargs)
           ^^^^^^^^^^^^^^^^^^^^^^^^^^^^^^^^^^^^^^
  File "C:\Users\pbard\.conda\envs\transplantML\Lib\site-packages\sklearn\linear_model\_omp.py", line 804, in fit
    coef_, self.n_iter_ = orthogonal_mp_gram(
                          ^^^^^^^^^^^^^^^^^^^
  File "C:\Users\pbard\.conda\envs\transplantML\Lib\site-packages\sklearn\utils\_param_validation.py", line 186, in wrapper
    return func(*args, **kwargs)
           ^^^^^^^^^^^^^^^^^^^^^
  File "C:\Users\pbard\.conda\envs\transplantML\Lib\site-packages\sklearn\linear_model\_omp.py", line 605, in orthogonal_mp_gram
    raise ValueError(
ValueError: The number of atoms cannot be more than the number of features

  warnings.warn(some_fits_failed_message, FitFailedWarning)
C:\Users\pbard\.conda\envs\transplantML\Lib\site-packages\sklearn\model_selection\_search.py:1052: UserWarning: One or more of the test scores are non-finite: [-437.24325707 -426.86052782 -351.82302346 -459.78940646           nan
           nan           nan]
  warnings.warn(
C:\Users\pbard\.conda\envs\transplantML\Lib\site-packages\sklearn\model_selection\_validation.py:540: FitFailedWarning: 
15 fits failed out of a total of 35.
The score on these train-test partitions for these parameters will be set to nan.
If these failures are not expected, you can try to debug them by setting error_score='raise'.

Below are more details about the failures:
--------------------------------------------------------------------------------
15 fits failed with the following error:
Traceback (most recent call last):
  File "C:\Users\pbard\.conda\envs\transplantML\Lib\site-packages\sklearn\model_selection\_validation.py", line 888, in _fit_and_score
    estimator.fit(X_train, y_train, **fit_params)
  File "C:\Users\pbard\.conda\envs\transplantML\Lib\site-packages\sklearn\base.py", line 1473, in wrapper
    return fit_method(estimator, *args, **kwargs)
           ^^^^^^^^^^^^^^^^^^^^^^^^^^^^^^^^^^^^^^
  File "C:\Users\pbard\.conda\envs\transplantML\Lib\site-packages\sklearn\linear_model\_omp.py", line 804, in fit
    coef_, self.n_iter_ = orthogonal_mp_gram(
                          ^^^^^^^^^^^^^^^^^^^
  File "C:\Users\pbard\.conda\envs\transplantML\Lib\site-packages\sklearn\utils\_param_validation.py", line 186, in wrapper
    return func(*args, **kwargs)
           ^^^^^^^^^^^^^^^^^^^^^
  File "C:\Users\pbard\.conda\envs\transplantML\Lib\site-packages\sklearn\linear_model\_omp.py", line 605, in orthogonal_mp_gram
    raise ValueError(
ValueError: The number of atoms cannot be more than the number of features

  warnings.warn(some_fits_failed_message, FitFailedWarning)
C:\Users\pbard\.conda\envs\transplantML\Lib\site-packages\sklearn\model_selection\_search.py:1052: UserWarning: One or more of the test scores are non-finite: [-497.29607331 -500.85408305 -373.94526922 -576.6182052            nan
           nan           nan]
  warnings.warn(
C:\Users\pbard\.conda\envs\transplantML\Lib\site-packages\sklearn\model_selection\_validation.py:540: FitFailedWarning: 
15 fits failed out of a total of 35.
The score on these train-test partitions for these parameters will be set to nan.
If these failures are not expected, you can try to debug them by setting error_score='raise'.

Below are more details about the failures:
--------------------------------------------------------------------------------
15 fits failed with the following error:
Traceback (most recent call last):
  File "C:\Users\pbard\.conda\envs\transplantML\Lib\site-packages\sklearn\model_selection\_validation.py", line 888, in _fit_and_score
    estimator.fit(X_train, y_train, **fit_params)
  File "C:\Users\pbard\.conda\envs\transplantML\Lib\site-packages\sklearn\base.py", line 1473, in wrapper
    return fit_method(estimator, *args, **kwargs)
           ^^^^^^^^^^^^^^^^^^^^^^^^^^^^^^^^^^^^^^
  File "C:\Users\pbard\.conda\envs\transplantML\Lib\site-packages\sklearn\linear_model\_omp.py", line 804, in fit
    coef_, self.n_iter_ = orthogonal_mp_gram(
                          ^^^^^^^^^^^^^^^^^^^
  File "C:\Users\pbard\.conda\envs\transplantML\Lib\site-packages\sklearn\utils\_param_validation.py", line 186, in wrapper
    return func(*args, **kwargs)
           ^^^^^^^^^^^^^^^^^^^^^
  File "C:\Users\pbard\.conda\envs\transplantML\Lib\site-packages\sklearn\linear_model\_omp.py", line 605, in orthogonal_mp_gram
    raise ValueError(
ValueError: The number of atoms cannot be more than the number of features

  warnings.warn(some_fits_failed_message, FitFailedWarning)
C:\Users\pbard\.conda\envs\transplantML\Lib\site-packages\sklearn\model_selection\_search.py:1052: UserWarning: One or more of the test scores are non-finite: [-441.70315857 -456.62804623 -389.58375175 -479.39142696           nan
           nan           nan]
  warnings.warn(
C:\Users\pbard\.conda\envs\transplantML\Lib\site-packages\sklearn\model_selection\_validation.py:540: FitFailedWarning: 
15 fits failed out of a total of 35.
The score on these train-test partitions for these parameters will be set to nan.
If these failures are not expected, you can try to debug them by setting error_score='raise'.

Below are more details about the failures:
--------------------------------------------------------------------------------
15 fits failed with the following error:
Traceback (most recent call last):
  File "C:\Users\pbard\.conda\envs\transplantML\Lib\site-packages\sklearn\model_selection\_validation.py", line 888, in _fit_and_score
    estimator.fit(X_train, y_train, **fit_params)
  File "C:\Users\pbard\.conda\envs\transplantML\Lib\site-packages\sklearn\base.py", line 1473, in wrapper
    return fit_method(estimator, *args, **kwargs)
           ^^^^^^^^^^^^^^^^^^^^^^^^^^^^^^^^^^^^^^
  File "C:\Users\pbard\.conda\envs\transplantML\Lib\site-packages\sklearn\linear_model\_omp.py", line 804, in fit
    coef_, self.n_iter_ = orthogonal_mp_gram(
                          ^^^^^^^^^^^^^^^^^^^
  File "C:\Users\pbard\.conda\envs\transplantML\Lib\site-packages\sklearn\utils\_param_validation.py", line 186, in wrapper
    return func(*args, **kwargs)
           ^^^^^^^^^^^^^^^^^^^^^
  File "C:\Users\pbard\.conda\envs\transplantML\Lib\site-packages\sklearn\linear_model\_omp.py", line 605, in orthogonal_mp_gram
    raise ValueError(
ValueError: The number of atoms cannot be more than the number of features

  warnings.warn(some_fits_failed_message, FitFailedWarning)
C:\Users\pbard\.conda\envs\transplantML\Lib\site-packages\sklearn\model_selection\_search.py:1052: UserWarning: One or more of the test scores are non-finite: [-485.75343999 -448.44458911 -385.91578604 -436.51694534           nan
           nan           nan]
  warnings.warn(
C:\Users\pbard\.conda\envs\transplantML\Lib\site-packages\sklearn\model_selection\_validation.py:540: FitFailedWarning: 
15 fits failed out of a total of 35.
The score on these train-test partitions for these parameters will be set to nan.
If these failures are not expected, you can try to debug them by setting error_score='raise'.

Below are more details about the failures:
--------------------------------------------------------------------------------
15 fits failed with the following error:
Traceback (most recent call last):
  File "C:\Users\pbard\.conda\envs\transplantML\Lib\site-packages\sklearn\model_selection\_validation.py", line 888, in _fit_and_score
    estimator.fit(X_train, y_train, **fit_params)
  File "C:\Users\pbard\.conda\envs\transplantML\Lib\site-packages\sklearn\base.py", line 1473, in wrapper
    return fit_method(estimator, *args, **kwargs)
           ^^^^^^^^^^^^^^^^^^^^^^^^^^^^^^^^^^^^^^
  File "C:\Users\pbard\.conda\envs\transplantML\Lib\site-packages\sklearn\linear_model\_omp.py", line 804, in fit
    coef_, self.n_iter_ = orthogonal_mp_gram(
                          ^^^^^^^^^^^^^^^^^^^
  File "C:\Users\pbard\.conda\envs\transplantML\Lib\site-packages\sklearn\utils\_param_validation.py", line 186, in wrapper
    return func(*args, **kwargs)
           ^^^^^^^^^^^^^^^^^^^^^
  File "C:\Users\pbard\.conda\envs\transplantML\Lib\site-packages\sklearn\linear_model\_omp.py", line 605, in orthogonal_mp_gram
    raise ValueError(
ValueError: The number of atoms cannot be more than the number of features

  warnings.warn(some_fits_failed_message, FitFailedWarning)
C:\Users\pbard\.conda\envs\transplantML\Lib\site-packages\sklearn\model_selection\_search.py:1052: UserWarning: One or more of the test scores are non-finite: [-397.32227414 -398.10819309 -318.02107996 -406.03599048           nan
           nan           nan]
  warnings.warn(
C:\Users\pbard\.conda\envs\transplantML\Lib\site-packages\sklearn\model_selection\_validation.py:540: FitFailedWarning: 
15 fits failed out of a total of 35.
The score on these train-test partitions for these parameters will be set to nan.
If these failures are not expected, you can try to debug them by setting error_score='raise'.

Below are more details about the failures:
--------------------------------------------------------------------------------
15 fits failed with the following error:
Traceback (most recent call last):
  File "C:\Users\pbard\.conda\envs\transplantML\Lib\site-packages\sklearn\model_selection\_validation.py", line 888, in _fit_and_score
    estimator.fit(X_train, y_train, **fit_params)
  File "C:\Users\pbard\.conda\envs\transplantML\Lib\site-packages\sklearn\base.py", line 1473, in wrapper
    return fit_method(estimator, *args, **kwargs)
           ^^^^^^^^^^^^^^^^^^^^^^^^^^^^^^^^^^^^^^
  File "C:\Users\pbard\.conda\envs\transplantML\Lib\site-packages\sklearn\linear_model\_omp.py", line 804, in fit
    coef_, self.n_iter_ = orthogonal_mp_gram(
                          ^^^^^^^^^^^^^^^^^^^
  File "C:\Users\pbard\.conda\envs\transplantML\Lib\site-packages\sklearn\utils\_param_validation.py", line 186, in wrapper
    return func(*args, **kwargs)
           ^^^^^^^^^^^^^^^^^^^^^
  File "C:\Users\pbard\.conda\envs\transplantML\Lib\site-packages\sklearn\linear_model\_omp.py", line 605, in orthogonal_mp_gram
    raise ValueError(
ValueError: The number of atoms cannot be more than the number of features

  warnings.warn(some_fits_failed_message, FitFailedWarning)
C:\Users\pbard\.conda\envs\transplantML\Lib\site-packages\sklearn\model_selection\_search.py:1052: UserWarning: One or more of the test scores are non-finite: [-462.07066681 -434.97636172 -383.09252691 -444.92758362           nan
           nan           nan]
  warnings.warn(
C:\Users\pbard\.conda\envs\transplantML\Lib\site-packages\sklearn\model_selection\_validation.py:540: FitFailedWarning: 
25 fits failed out of a total of 35.
The score on these train-test partitions for these parameters will be set to nan.
If these failures are not expected, you can try to debug them by setting error_score='raise'.

Below are more details about the failures:
--------------------------------------------------------------------------------
25 fits failed with the following error:
Traceback (most recent call last):
  File "C:\Users\pbard\.conda\envs\transplantML\Lib\site-packages\sklearn\model_selection\_validation.py", line 888, in _fit_and_score
    estimator.fit(X_train, y_train, **fit_params)
  File "C:\Users\pbard\.conda\envs\transplantML\Lib\site-packages\sklearn\base.py", line 1473, in wrapper
    return fit_method(estimator, *args, **kwargs)
           ^^^^^^^^^^^^^^^^^^^^^^^^^^^^^^^^^^^^^^
  File "C:\Users\pbard\.conda\envs\transplantML\Lib\site-packages\sklearn\linear_model\_omp.py", line 804, in fit
    coef_, self.n_iter_ = orthogonal_mp_gram(
                          ^^^^^^^^^^^^^^^^^^^
  File "C:\Users\pbard\.conda\envs\transplantML\Lib\site-packages\sklearn\utils\_param_validation.py", line 186, in wrapper
    return func(*args, **kwargs)
           ^^^^^^^^^^^^^^^^^^^^^
  File "C:\Users\pbard\.conda\envs\transplantML\Lib\site-packages\sklearn\linear_model\_omp.py", line 605, in orthogonal_mp_gram
    raise ValueError(
ValueError: The number of atoms cannot be more than the number of features

  warnings.warn(some_fits_failed_message, FitFailedWarning)
C:\Users\pbard\.conda\envs\transplantML\Lib\site-packages\sklearn\model_selection\_search.py:1052: UserWarning: One or more of the test scores are non-finite: [-389.60811189 -394.6535874            nan           nan           nan
           nan           nan]
  warnings.warn(
C:\Users\pbard\.conda\envs\transplantML\Lib\site-packages\sklearn\model_selection\_validation.py:540: FitFailedWarning: 
25 fits failed out of a total of 35.
The score on these train-test partitions for these parameters will be set to nan.
If these failures are not expected, you can try to debug them by setting error_score='raise'.

Below are more details about the failures:
--------------------------------------------------------------------------------
25 fits failed with the following error:
Traceback (most recent call last):
  File "C:\Users\pbard\.conda\envs\transplantML\Lib\site-packages\sklearn\model_selection\_validation.py", line 888, in _fit_and_score
    estimator.fit(X_train, y_train, **fit_params)
  File "C:\Users\pbard\.conda\envs\transplantML\Lib\site-packages\sklearn\base.py", line 1473, in wrapper
    return fit_method(estimator, *args, **kwargs)
           ^^^^^^^^^^^^^^^^^^^^^^^^^^^^^^^^^^^^^^
  File "C:\Users\pbard\.conda\envs\transplantML\Lib\site-packages\sklearn\linear_model\_omp.py", line 804, in fit
    coef_, self.n_iter_ = orthogonal_mp_gram(
                          ^^^^^^^^^^^^^^^^^^^
  File "C:\Users\pbard\.conda\envs\transplantML\Lib\site-packages\sklearn\utils\_param_validation.py", line 186, in wrapper
    return func(*args, **kwargs)
           ^^^^^^^^^^^^^^^^^^^^^
  File "C:\Users\pbard\.conda\envs\transplantML\Lib\site-packages\sklearn\linear_model\_omp.py", line 605, in orthogonal_mp_gram
    raise ValueError(
ValueError: The number of atoms cannot be more than the number of features

  warnings.warn(some_fits_failed_message, FitFailedWarning)
C:\Users\pbard\.conda\envs\transplantML\Lib\site-packages\sklearn\model_selection\_search.py:1052: UserWarning: One or more of the test scores are non-finite: [-317.92585419 -321.86226618           nan           nan           nan
           nan           nan]
  warnings.warn(
C:\Users\pbard\.conda\envs\transplantML\Lib\site-packages\sklearn\model_selection\_validation.py:540: FitFailedWarning: 
25 fits failed out of a total of 35.
The score on these train-test partitions for these parameters will be set to nan.
If these failures are not expected, you can try to debug them by setting error_score='raise'.

Below are more details about the failures:
--------------------------------------------------------------------------------
25 fits failed with the following error:
Traceback (most recent call last):
  File "C:\Users\pbard\.conda\envs\transplantML\Lib\site-packages\sklearn\model_selection\_validation.py", line 888, in _fit_and_score
    estimator.fit(X_train, y_train, **fit_params)
  File "C:\Users\pbard\.conda\envs\transplantML\Lib\site-packages\sklearn\base.py", line 1473, in wrapper
    return fit_method(estimator, *args, **kwargs)
           ^^^^^^^^^^^^^^^^^^^^^^^^^^^^^^^^^^^^^^
  File "C:\Users\pbard\.conda\envs\transplantML\Lib\site-packages\sklearn\linear_model\_omp.py", line 804, in fit
    coef_, self.n_iter_ = orthogonal_mp_gram(
                          ^^^^^^^^^^^^^^^^^^^
  File "C:\Users\pbard\.conda\envs\transplantML\Lib\site-packages\sklearn\utils\_param_validation.py", line 186, in wrapper
    return func(*args, **kwargs)
           ^^^^^^^^^^^^^^^^^^^^^
  File "C:\Users\pbard\.conda\envs\transplantML\Lib\site-packages\sklearn\linear_model\_omp.py", line 605, in orthogonal_mp_gram
    raise ValueError(
ValueError: The number of atoms cannot be more than the number of features

  warnings.warn(some_fits_failed_message, FitFailedWarning)
C:\Users\pbard\.conda\envs\transplantML\Lib\site-packages\sklearn\model_selection\_search.py:1052: UserWarning: One or more of the test scores are non-finite: [-385.25179621 -395.05308952           nan           nan           nan
           nan           nan]
  warnings.warn(
C:\Users\pbard\.conda\envs\transplantML\Lib\site-packages\sklearn\model_selection\_validation.py:540: FitFailedWarning: 
25 fits failed out of a total of 35.
The score on these train-test partitions for these parameters will be set to nan.
If these failures are not expected, you can try to debug them by setting error_score='raise'.

Below are more details about the failures:
--------------------------------------------------------------------------------
25 fits failed with the following error:
Traceback (most recent call last):
  File "C:\Users\pbard\.conda\envs\transplantML\Lib\site-packages\sklearn\model_selection\_validation.py", line 888, in _fit_and_score
    estimator.fit(X_train, y_train, **fit_params)
  File "C:\Users\pbard\.conda\envs\transplantML\Lib\site-packages\sklearn\base.py", line 1473, in wrapper
    return fit_method(estimator, *args, **kwargs)
           ^^^^^^^^^^^^^^^^^^^^^^^^^^^^^^^^^^^^^^
  File "C:\Users\pbard\.conda\envs\transplantML\Lib\site-packages\sklearn\linear_model\_omp.py", line 804, in fit
    coef_, self.n_iter_ = orthogonal_mp_gram(
                          ^^^^^^^^^^^^^^^^^^^
  File "C:\Users\pbard\.conda\envs\transplantML\Lib\site-packages\sklearn\utils\_param_validation.py", line 186, in wrapper
    return func(*args, **kwargs)
           ^^^^^^^^^^^^^^^^^^^^^
  File "C:\Users\pbard\.conda\envs\transplantML\Lib\site-packages\sklearn\linear_model\_omp.py", line 605, in orthogonal_mp_gram
    raise ValueError(
ValueError: The number of atoms cannot be more than the number of features

  warnings.warn(some_fits_failed_message, FitFailedWarning)
C:\Users\pbard\.conda\envs\transplantML\Lib\site-packages\sklearn\model_selection\_search.py:1052: UserWarning: One or more of the test scores are non-finite: [-278.76253173 -288.80668873           nan           nan           nan
           nan           nan]
  warnings.warn(
C:\Users\pbard\.conda\envs\transplantML\Lib\site-packages\sklearn\model_selection\_validation.py:540: FitFailedWarning: 
25 fits failed out of a total of 35.
The score on these train-test partitions for these parameters will be set to nan.
If these failures are not expected, you can try to debug them by setting error_score='raise'.

Below are more details about the failures:
--------------------------------------------------------------------------------
25 fits failed with the following error:
Traceback (most recent call last):
  File "C:\Users\pbard\.conda\envs\transplantML\Lib\site-packages\sklearn\model_selection\_validation.py", line 888, in _fit_and_score
    estimator.fit(X_train, y_train, **fit_params)
  File "C:\Users\pbard\.conda\envs\transplantML\Lib\site-packages\sklearn\base.py", line 1473, in wrapper
    return fit_method(estimator, *args, **kwargs)
           ^^^^^^^^^^^^^^^^^^^^^^^^^^^^^^^^^^^^^^
  File "C:\Users\pbard\.conda\envs\transplantML\Lib\site-packages\sklearn\linear_model\_omp.py", line 804, in fit
    coef_, self.n_iter_ = orthogonal_mp_gram(
                          ^^^^^^^^^^^^^^^^^^^
  File "C:\Users\pbard\.conda\envs\transplantML\Lib\site-packages\sklearn\utils\_param_validation.py", line 186, in wrapper
    return func(*args, **kwargs)
           ^^^^^^^^^^^^^^^^^^^^^
  File "C:\Users\pbard\.conda\envs\transplantML\Lib\site-packages\sklearn\linear_model\_omp.py", line 605, in orthogonal_mp_gram
    raise ValueError(
ValueError: The number of atoms cannot be more than the number of features

  warnings.warn(some_fits_failed_message, FitFailedWarning)
C:\Users\pbard\.conda\envs\transplantML\Lib\site-packages\sklearn\model_selection\_search.py:1052: UserWarning: One or more of the test scores are non-finite: [-348.71070626 -349.51844499           nan           nan           nan
           nan           nan]
  warnings.warn(
C:\Users\pbard\.conda\envs\transplantML\Lib\site-packages\sklearn\model_selection\_validation.py:540: FitFailedWarning: 
25 fits failed out of a total of 35.
The score on these train-test partitions for these parameters will be set to nan.
If these failures are not expected, you can try to debug them by setting error_score='raise'.

Below are more details about the failures:
--------------------------------------------------------------------------------
25 fits failed with the following error:
Traceback (most recent call last):
  File "C:\Users\pbard\.conda\envs\transplantML\Lib\site-packages\sklearn\model_selection\_validation.py", line 888, in _fit_and_score
    estimator.fit(X_train, y_train, **fit_params)
  File "C:\Users\pbard\.conda\envs\transplantML\Lib\site-packages\sklearn\base.py", line 1473, in wrapper
    return fit_method(estimator, *args, **kwargs)
           ^^^^^^^^^^^^^^^^^^^^^^^^^^^^^^^^^^^^^^
  File "C:\Users\pbard\.conda\envs\transplantML\Lib\site-packages\sklearn\linear_model\_omp.py", line 804, in fit
    coef_, self.n_iter_ = orthogonal_mp_gram(
                          ^^^^^^^^^^^^^^^^^^^
  File "C:\Users\pbard\.conda\envs\transplantML\Lib\site-packages\sklearn\utils\_param_validation.py", line 186, in wrapper
    return func(*args, **kwargs)
           ^^^^^^^^^^^^^^^^^^^^^
  File "C:\Users\pbard\.conda\envs\transplantML\Lib\site-packages\sklearn\linear_model\_omp.py", line 605, in orthogonal_mp_gram
    raise ValueError(
ValueError: The number of atoms cannot be more than the number of features

  warnings.warn(some_fits_failed_message, FitFailedWarning)
C:\Users\pbard\.conda\envs\transplantML\Lib\site-packages\sklearn\model_selection\_search.py:1052: UserWarning: One or more of the test scores are non-finite: [-296.61938642 -298.26575739           nan           nan           nan
           nan           nan]
  warnings.warn(
C:\Users\pbard\.conda\envs\transplantML\Lib\site-packages\sklearn\model_selection\_validation.py:540: FitFailedWarning: 
25 fits failed out of a total of 35.
The score on these train-test partitions for these parameters will be set to nan.
If these failures are not expected, you can try to debug them by setting error_score='raise'.

Below are more details about the failures:
--------------------------------------------------------------------------------
25 fits failed with the following error:
Traceback (most recent call last):
  File "C:\Users\pbard\.conda\envs\transplantML\Lib\site-packages\sklearn\model_selection\_validation.py", line 888, in _fit_and_score
    estimator.fit(X_train, y_train, **fit_params)
  File "C:\Users\pbard\.conda\envs\transplantML\Lib\site-packages\sklearn\base.py", line 1473, in wrapper
    return fit_method(estimator, *args, **kwargs)
           ^^^^^^^^^^^^^^^^^^^^^^^^^^^^^^^^^^^^^^
  File "C:\Users\pbard\.conda\envs\transplantML\Lib\site-packages\sklearn\linear_model\_omp.py", line 804, in fit
    coef_, self.n_iter_ = orthogonal_mp_gram(
                          ^^^^^^^^^^^^^^^^^^^
  File "C:\Users\pbard\.conda\envs\transplantML\Lib\site-packages\sklearn\utils\_param_validation.py", line 186, in wrapper
    return func(*args, **kwargs)
           ^^^^^^^^^^^^^^^^^^^^^
  File "C:\Users\pbard\.conda\envs\transplantML\Lib\site-packages\sklearn\linear_model\_omp.py", line 605, in orthogonal_mp_gram
    raise ValueError(
ValueError: The number of atoms cannot be more than the number of features

  warnings.warn(some_fits_failed_message, FitFailedWarning)
C:\Users\pbard\.conda\envs\transplantML\Lib\site-packages\sklearn\model_selection\_search.py:1052: UserWarning: One or more of the test scores are non-finite: [-384.49479151 -382.88746275           nan           nan           nan
           nan           nan]
  warnings.warn(
C:\Users\pbard\.conda\envs\transplantML\Lib\site-packages\sklearn\model_selection\_validation.py:540: FitFailedWarning: 
25 fits failed out of a total of 35.
The score on these train-test partitions for these parameters will be set to nan.
If these failures are not expected, you can try to debug them by setting error_score='raise'.

Below are more details about the failures:
--------------------------------------------------------------------------------
25 fits failed with the following error:
Traceback (most recent call last):
  File "C:\Users\pbard\.conda\envs\transplantML\Lib\site-packages\sklearn\model_selection\_validation.py", line 888, in _fit_and_score
    estimator.fit(X_train, y_train, **fit_params)
  File "C:\Users\pbard\.conda\envs\transplantML\Lib\site-packages\sklearn\base.py", line 1473, in wrapper
    return fit_method(estimator, *args, **kwargs)
           ^^^^^^^^^^^^^^^^^^^^^^^^^^^^^^^^^^^^^^
  File "C:\Users\pbard\.conda\envs\transplantML\Lib\site-packages\sklearn\linear_model\_omp.py", line 804, in fit
    coef_, self.n_iter_ = orthogonal_mp_gram(
                          ^^^^^^^^^^^^^^^^^^^
  File "C:\Users\pbard\.conda\envs\transplantML\Lib\site-packages\sklearn\utils\_param_validation.py", line 186, in wrapper
    return func(*args, **kwargs)
           ^^^^^^^^^^^^^^^^^^^^^
  File "C:\Users\pbard\.conda\envs\transplantML\Lib\site-packages\sklearn\linear_model\_omp.py", line 605, in orthogonal_mp_gram
    raise ValueError(
ValueError: The number of atoms cannot be more than the number of features

  warnings.warn(some_fits_failed_message, FitFailedWarning)
C:\Users\pbard\.conda\envs\transplantML\Lib\site-packages\sklearn\model_selection\_search.py:1052: UserWarning: One or more of the test scores are non-finite: [-383.83286485 -396.68705677           nan           nan           nan
           nan           nan]
  warnings.warn(
C:\Users\pbard\.conda\envs\transplantML\Lib\site-packages\sklearn\model_selection\_validation.py:540: FitFailedWarning: 
25 fits failed out of a total of 35.
The score on these train-test partitions for these parameters will be set to nan.
If these failures are not expected, you can try to debug them by setting error_score='raise'.

Below are more details about the failures:
--------------------------------------------------------------------------------
25 fits failed with the following error:
Traceback (most recent call last):
  File "C:\Users\pbard\.conda\envs\transplantML\Lib\site-packages\sklearn\model_selection\_validation.py", line 888, in _fit_and_score
    estimator.fit(X_train, y_train, **fit_params)
  File "C:\Users\pbard\.conda\envs\transplantML\Lib\site-packages\sklearn\base.py", line 1473, in wrapper
    return fit_method(estimator, *args, **kwargs)
           ^^^^^^^^^^^^^^^^^^^^^^^^^^^^^^^^^^^^^^
  File "C:\Users\pbard\.conda\envs\transplantML\Lib\site-packages\sklearn\linear_model\_omp.py", line 804, in fit
    coef_, self.n_iter_ = orthogonal_mp_gram(
                          ^^^^^^^^^^^^^^^^^^^
  File "C:\Users\pbard\.conda\envs\transplantML\Lib\site-packages\sklearn\utils\_param_validation.py", line 186, in wrapper
    return func(*args, **kwargs)
           ^^^^^^^^^^^^^^^^^^^^^
  File "C:\Users\pbard\.conda\envs\transplantML\Lib\site-packages\sklearn\linear_model\_omp.py", line 605, in orthogonal_mp_gram
    raise ValueError(
ValueError: The number of atoms cannot be more than the number of features

  warnings.warn(some_fits_failed_message, FitFailedWarning)
C:\Users\pbard\.conda\envs\transplantML\Lib\site-packages\sklearn\model_selection\_search.py:1052: UserWarning: One or more of the test scores are non-finite: [-296.56086138 -301.94843631           nan           nan           nan
           nan           nan]
  warnings.warn(
C:\Users\pbard\.conda\envs\transplantML\Lib\site-packages\sklearn\model_selection\_validation.py:540: FitFailedWarning: 
25 fits failed out of a total of 35.
The score on these train-test partitions for these parameters will be set to nan.
If these failures are not expected, you can try to debug them by setting error_score='raise'.

Below are more details about the failures:
--------------------------------------------------------------------------------
25 fits failed with the following error:
Traceback (most recent call last):
  File "C:\Users\pbard\.conda\envs\transplantML\Lib\site-packages\sklearn\model_selection\_validation.py", line 888, in _fit_and_score
    estimator.fit(X_train, y_train, **fit_params)
  File "C:\Users\pbard\.conda\envs\transplantML\Lib\site-packages\sklearn\base.py", line 1473, in wrapper
    return fit_method(estimator, *args, **kwargs)
           ^^^^^^^^^^^^^^^^^^^^^^^^^^^^^^^^^^^^^^
  File "C:\Users\pbard\.conda\envs\transplantML\Lib\site-packages\sklearn\linear_model\_omp.py", line 804, in fit
    coef_, self.n_iter_ = orthogonal_mp_gram(
                          ^^^^^^^^^^^^^^^^^^^
  File "C:\Users\pbard\.conda\envs\transplantML\Lib\site-packages\sklearn\utils\_param_validation.py", line 186, in wrapper
    return func(*args, **kwargs)
           ^^^^^^^^^^^^^^^^^^^^^
  File "C:\Users\pbard\.conda\envs\transplantML\Lib\site-packages\sklearn\linear_model\_omp.py", line 605, in orthogonal_mp_gram
    raise ValueError(
ValueError: The number of atoms cannot be more than the number of features

  warnings.warn(some_fits_failed_message, FitFailedWarning)
C:\Users\pbard\.conda\envs\transplantML\Lib\site-packages\sklearn\model_selection\_search.py:1052: UserWarning: One or more of the test scores are non-finite: [-361.8506048 -371.7334481          nan          nan          nan
          nan          nan]
  warnings.warn(
C:\Users\pbard\.conda\envs\transplantML\Lib\site-packages\sklearn\model_selection\_validation.py:540: FitFailedWarning: 
10 fits failed out of a total of 35.
The score on these train-test partitions for these parameters will be set to nan.
If these failures are not expected, you can try to debug them by setting error_score='raise'.

Below are more details about the failures:
--------------------------------------------------------------------------------
10 fits failed with the following error:
Traceback (most recent call last):
  File "C:\Users\pbard\.conda\envs\transplantML\Lib\site-packages\sklearn\model_selection\_validation.py", line 888, in _fit_and_score
    estimator.fit(X_train, y_train, **fit_params)
  File "C:\Users\pbard\.conda\envs\transplantML\Lib\site-packages\sklearn\base.py", line 1473, in wrapper
    return fit_method(estimator, *args, **kwargs)
           ^^^^^^^^^^^^^^^^^^^^^^^^^^^^^^^^^^^^^^
  File "C:\Users\pbard\.conda\envs\transplantML\Lib\site-packages\sklearn\linear_model\_omp.py", line 804, in fit
    coef_, self.n_iter_ = orthogonal_mp_gram(
                          ^^^^^^^^^^^^^^^^^^^
  File "C:\Users\pbard\.conda\envs\transplantML\Lib\site-packages\sklearn\utils\_param_validation.py", line 186, in wrapper
    return func(*args, **kwargs)
           ^^^^^^^^^^^^^^^^^^^^^
  File "C:\Users\pbard\.conda\envs\transplantML\Lib\site-packages\sklearn\linear_model\_omp.py", line 605, in orthogonal_mp_gram
    raise ValueError(
ValueError: The number of atoms cannot be more than the number of features

  warnings.warn(some_fits_failed_message, FitFailedWarning)
C:\Users\pbard\.conda\envs\transplantML\Lib\site-packages\sklearn\model_selection\_search.py:1052: UserWarning: One or more of the test scores are non-finite: [-543.33184938 -544.56833645 -240.7867018  -263.19042168 -301.25590274
           nan           nan]
  warnings.warn(
C:\Users\pbard\.conda\envs\transplantML\Lib\site-packages\sklearn\model_selection\_validation.py:540: FitFailedWarning: 
10 fits failed out of a total of 35.
The score on these train-test partitions for these parameters will be set to nan.
If these failures are not expected, you can try to debug them by setting error_score='raise'.

Below are more details about the failures:
--------------------------------------------------------------------------------
10 fits failed with the following error:
Traceback (most recent call last):
  File "C:\Users\pbard\.conda\envs\transplantML\Lib\site-packages\sklearn\model_selection\_validation.py", line 888, in _fit_and_score
    estimator.fit(X_train, y_train, **fit_params)
  File "C:\Users\pbard\.conda\envs\transplantML\Lib\site-packages\sklearn\base.py", line 1473, in wrapper
    return fit_method(estimator, *args, **kwargs)
           ^^^^^^^^^^^^^^^^^^^^^^^^^^^^^^^^^^^^^^
  File "C:\Users\pbard\.conda\envs\transplantML\Lib\site-packages\sklearn\linear_model\_omp.py", line 804, in fit
    coef_, self.n_iter_ = orthogonal_mp_gram(
                          ^^^^^^^^^^^^^^^^^^^
  File "C:\Users\pbard\.conda\envs\transplantML\Lib\site-packages\sklearn\utils\_param_validation.py", line 186, in wrapper
    return func(*args, **kwargs)
           ^^^^^^^^^^^^^^^^^^^^^
  File "C:\Users\pbard\.conda\envs\transplantML\Lib\site-packages\sklearn\linear_model\_omp.py", line 605, in orthogonal_mp_gram
    raise ValueError(
ValueError: The number of atoms cannot be more than the number of features

  warnings.warn(some_fits_failed_message, FitFailedWarning)
C:\Users\pbard\.conda\envs\transplantML\Lib\site-packages\sklearn\model_selection\_search.py:1052: UserWarning: One or more of the test scores are non-finite: [-476.805203   -475.64198198 -298.42720595 -295.65383795 -339.14942309
           nan           nan]
  warnings.warn(
C:\Users\pbard\.conda\envs\transplantML\Lib\site-packages\sklearn\model_selection\_validation.py:540: FitFailedWarning: 
10 fits failed out of a total of 35.
The score on these train-test partitions for these parameters will be set to nan.
If these failures are not expected, you can try to debug them by setting error_score='raise'.

Below are more details about the failures:
--------------------------------------------------------------------------------
10 fits failed with the following error:
Traceback (most recent call last):
  File "C:\Users\pbard\.conda\envs\transplantML\Lib\site-packages\sklearn\model_selection\_validation.py", line 888, in _fit_and_score
    estimator.fit(X_train, y_train, **fit_params)
  File "C:\Users\pbard\.conda\envs\transplantML\Lib\site-packages\sklearn\base.py", line 1473, in wrapper
    return fit_method(estimator, *args, **kwargs)
           ^^^^^^^^^^^^^^^^^^^^^^^^^^^^^^^^^^^^^^
  File "C:\Users\pbard\.conda\envs\transplantML\Lib\site-packages\sklearn\linear_model\_omp.py", line 804, in fit
    coef_, self.n_iter_ = orthogonal_mp_gram(
                          ^^^^^^^^^^^^^^^^^^^
  File "C:\Users\pbard\.conda\envs\transplantML\Lib\site-packages\sklearn\utils\_param_validation.py", line 186, in wrapper
    return func(*args, **kwargs)
           ^^^^^^^^^^^^^^^^^^^^^
  File "C:\Users\pbard\.conda\envs\transplantML\Lib\site-packages\sklearn\linear_model\_omp.py", line 605, in orthogonal_mp_gram
    raise ValueError(
ValueError: The number of atoms cannot be more than the number of features

  warnings.warn(some_fits_failed_message, FitFailedWarning)
C:\Users\pbard\.conda\envs\transplantML\Lib\site-packages\sklearn\model_selection\_search.py:1052: UserWarning: One or more of the test scores are non-finite: [-509.61445704 -498.34988464 -220.70111077 -235.33242139 -282.74782229
           nan           nan]
  warnings.warn(
C:\Users\pbard\.conda\envs\transplantML\Lib\site-packages\sklearn\model_selection\_validation.py:540: FitFailedWarning: 
10 fits failed out of a total of 35.
The score on these train-test partitions for these parameters will be set to nan.
If these failures are not expected, you can try to debug them by setting error_score='raise'.

Below are more details about the failures:
--------------------------------------------------------------------------------
10 fits failed with the following error:
Traceback (most recent call last):
  File "C:\Users\pbard\.conda\envs\transplantML\Lib\site-packages\sklearn\model_selection\_validation.py", line 888, in _fit_and_score
    estimator.fit(X_train, y_train, **fit_params)
  File "C:\Users\pbard\.conda\envs\transplantML\Lib\site-packages\sklearn\base.py", line 1473, in wrapper
    return fit_method(estimator, *args, **kwargs)
           ^^^^^^^^^^^^^^^^^^^^^^^^^^^^^^^^^^^^^^
  File "C:\Users\pbard\.conda\envs\transplantML\Lib\site-packages\sklearn\linear_model\_omp.py", line 804, in fit
    coef_, self.n_iter_ = orthogonal_mp_gram(
                          ^^^^^^^^^^^^^^^^^^^
  File "C:\Users\pbard\.conda\envs\transplantML\Lib\site-packages\sklearn\utils\_param_validation.py", line 186, in wrapper
    return func(*args, **kwargs)
           ^^^^^^^^^^^^^^^^^^^^^
  File "C:\Users\pbard\.conda\envs\transplantML\Lib\site-packages\sklearn\linear_model\_omp.py", line 605, in orthogonal_mp_gram
    raise ValueError(
ValueError: The number of atoms cannot be more than the number of features

  warnings.warn(some_fits_failed_message, FitFailedWarning)
C:\Users\pbard\.conda\envs\transplantML\Lib\site-packages\sklearn\model_selection\_search.py:1052: UserWarning: One or more of the test scores are non-finite: [-497.71999582 -505.06541177 -187.59297206 -201.98467969 -269.52266258
           nan           nan]
  warnings.warn(
C:\Users\pbard\.conda\envs\transplantML\Lib\site-packages\sklearn\model_selection\_validation.py:540: FitFailedWarning: 
10 fits failed out of a total of 35.
The score on these train-test partitions for these parameters will be set to nan.
If these failures are not expected, you can try to debug them by setting error_score='raise'.

Below are more details about the failures:
--------------------------------------------------------------------------------
10 fits failed with the following error:
Traceback (most recent call last):
  File "C:\Users\pbard\.conda\envs\transplantML\Lib\site-packages\sklearn\model_selection\_validation.py", line 888, in _fit_and_score
    estimator.fit(X_train, y_train, **fit_params)
  File "C:\Users\pbard\.conda\envs\transplantML\Lib\site-packages\sklearn\base.py", line 1473, in wrapper
    return fit_method(estimator, *args, **kwargs)
           ^^^^^^^^^^^^^^^^^^^^^^^^^^^^^^^^^^^^^^
  File "C:\Users\pbard\.conda\envs\transplantML\Lib\site-packages\sklearn\linear_model\_omp.py", line 804, in fit
    coef_, self.n_iter_ = orthogonal_mp_gram(
                          ^^^^^^^^^^^^^^^^^^^
  File "C:\Users\pbard\.conda\envs\transplantML\Lib\site-packages\sklearn\utils\_param_validation.py", line 186, in wrapper
    return func(*args, **kwargs)
           ^^^^^^^^^^^^^^^^^^^^^
  File "C:\Users\pbard\.conda\envs\transplantML\Lib\site-packages\sklearn\linear_model\_omp.py", line 605, in orthogonal_mp_gram
    raise ValueError(
ValueError: The number of atoms cannot be more than the number of features

  warnings.warn(some_fits_failed_message, FitFailedWarning)
C:\Users\pbard\.conda\envs\transplantML\Lib\site-packages\sklearn\model_selection\_search.py:1052: UserWarning: One or more of the test scores are non-finite: [-495.83012237 -487.67565909 -246.07156033 -263.82445572 -323.05997327
           nan           nan]
  warnings.warn(
C:\Users\pbard\.conda\envs\transplantML\Lib\site-packages\sklearn\model_selection\_validation.py:540: FitFailedWarning: 
10 fits failed out of a total of 35.
The score on these train-test partitions for these parameters will be set to nan.
If these failures are not expected, you can try to debug them by setting error_score='raise'.

Below are more details about the failures:
--------------------------------------------------------------------------------
10 fits failed with the following error:
Traceback (most recent call last):
  File "C:\Users\pbard\.conda\envs\transplantML\Lib\site-packages\sklearn\model_selection\_validation.py", line 888, in _fit_and_score
    estimator.fit(X_train, y_train, **fit_params)
  File "C:\Users\pbard\.conda\envs\transplantML\Lib\site-packages\sklearn\base.py", line 1473, in wrapper
    return fit_method(estimator, *args, **kwargs)
           ^^^^^^^^^^^^^^^^^^^^^^^^^^^^^^^^^^^^^^
  File "C:\Users\pbard\.conda\envs\transplantML\Lib\site-packages\sklearn\linear_model\_omp.py", line 804, in fit
    coef_, self.n_iter_ = orthogonal_mp_gram(
                          ^^^^^^^^^^^^^^^^^^^
  File "C:\Users\pbard\.conda\envs\transplantML\Lib\site-packages\sklearn\utils\_param_validation.py", line 186, in wrapper
    return func(*args, **kwargs)
           ^^^^^^^^^^^^^^^^^^^^^
  File "C:\Users\pbard\.conda\envs\transplantML\Lib\site-packages\sklearn\linear_model\_omp.py", line 605, in orthogonal_mp_gram
    raise ValueError(
ValueError: The number of atoms cannot be more than the number of features

  warnings.warn(some_fits_failed_message, FitFailedWarning)
C:\Users\pbard\.conda\envs\transplantML\Lib\site-packages\sklearn\model_selection\_search.py:1052: UserWarning: One or more of the test scores are non-finite: [-520.10056684 -530.74047852 -205.08834079 -219.86296905 -329.62014134
           nan           nan]
  warnings.warn(
C:\Users\pbard\.conda\envs\transplantML\Lib\site-packages\sklearn\model_selection\_validation.py:540: FitFailedWarning: 
10 fits failed out of a total of 35.
The score on these train-test partitions for these parameters will be set to nan.
If these failures are not expected, you can try to debug them by setting error_score='raise'.

Below are more details about the failures:
--------------------------------------------------------------------------------
10 fits failed with the following error:
Traceback (most recent call last):
  File "C:\Users\pbard\.conda\envs\transplantML\Lib\site-packages\sklearn\model_selection\_validation.py", line 888, in _fit_and_score
    estimator.fit(X_train, y_train, **fit_params)
  File "C:\Users\pbard\.conda\envs\transplantML\Lib\site-packages\sklearn\base.py", line 1473, in wrapper
    return fit_method(estimator, *args, **kwargs)
           ^^^^^^^^^^^^^^^^^^^^^^^^^^^^^^^^^^^^^^
  File "C:\Users\pbard\.conda\envs\transplantML\Lib\site-packages\sklearn\linear_model\_omp.py", line 804, in fit
    coef_, self.n_iter_ = orthogonal_mp_gram(
                          ^^^^^^^^^^^^^^^^^^^
  File "C:\Users\pbard\.conda\envs\transplantML\Lib\site-packages\sklearn\utils\_param_validation.py", line 186, in wrapper
    return func(*args, **kwargs)
           ^^^^^^^^^^^^^^^^^^^^^
  File "C:\Users\pbard\.conda\envs\transplantML\Lib\site-packages\sklearn\linear_model\_omp.py", line 605, in orthogonal_mp_gram
    raise ValueError(
ValueError: The number of atoms cannot be more than the number of features

  warnings.warn(some_fits_failed_message, FitFailedWarning)
C:\Users\pbard\.conda\envs\transplantML\Lib\site-packages\sklearn\model_selection\_search.py:1052: UserWarning: One or more of the test scores are non-finite: [-483.28324631 -509.44682309 -245.37646429 -259.10938014 -278.55819043
           nan           nan]
  warnings.warn(
C:\Users\pbard\.conda\envs\transplantML\Lib\site-packages\sklearn\model_selection\_validation.py:540: FitFailedWarning: 
10 fits failed out of a total of 35.
The score on these train-test partitions for these parameters will be set to nan.
If these failures are not expected, you can try to debug them by setting error_score='raise'.

Below are more details about the failures:
--------------------------------------------------------------------------------
10 fits failed with the following error:
Traceback (most recent call last):
  File "C:\Users\pbard\.conda\envs\transplantML\Lib\site-packages\sklearn\model_selection\_validation.py", line 888, in _fit_and_score
    estimator.fit(X_train, y_train, **fit_params)
  File "C:\Users\pbard\.conda\envs\transplantML\Lib\site-packages\sklearn\base.py", line 1473, in wrapper
    return fit_method(estimator, *args, **kwargs)
           ^^^^^^^^^^^^^^^^^^^^^^^^^^^^^^^^^^^^^^
  File "C:\Users\pbard\.conda\envs\transplantML\Lib\site-packages\sklearn\linear_model\_omp.py", line 804, in fit
    coef_, self.n_iter_ = orthogonal_mp_gram(
                          ^^^^^^^^^^^^^^^^^^^
  File "C:\Users\pbard\.conda\envs\transplantML\Lib\site-packages\sklearn\utils\_param_validation.py", line 186, in wrapper
    return func(*args, **kwargs)
           ^^^^^^^^^^^^^^^^^^^^^
  File "C:\Users\pbard\.conda\envs\transplantML\Lib\site-packages\sklearn\linear_model\_omp.py", line 605, in orthogonal_mp_gram
    raise ValueError(
ValueError: The number of atoms cannot be more than the number of features

  warnings.warn(some_fits_failed_message, FitFailedWarning)
C:\Users\pbard\.conda\envs\transplantML\Lib\site-packages\sklearn\model_selection\_search.py:1052: UserWarning: One or more of the test scores are non-finite: [-514.32390799 -519.5266467  -239.93599493 -246.50800657 -296.40536293
           nan           nan]
  warnings.warn(
C:\Users\pbard\.conda\envs\transplantML\Lib\site-packages\sklearn\model_selection\_validation.py:540: FitFailedWarning: 
10 fits failed out of a total of 35.
The score on these train-test partitions for these parameters will be set to nan.
If these failures are not expected, you can try to debug them by setting error_score='raise'.

Below are more details about the failures:
--------------------------------------------------------------------------------
10 fits failed with the following error:
Traceback (most recent call last):
  File "C:\Users\pbard\.conda\envs\transplantML\Lib\site-packages\sklearn\model_selection\_validation.py", line 888, in _fit_and_score
    estimator.fit(X_train, y_train, **fit_params)
  File "C:\Users\pbard\.conda\envs\transplantML\Lib\site-packages\sklearn\base.py", line 1473, in wrapper
    return fit_method(estimator, *args, **kwargs)
           ^^^^^^^^^^^^^^^^^^^^^^^^^^^^^^^^^^^^^^
  File "C:\Users\pbard\.conda\envs\transplantML\Lib\site-packages\sklearn\linear_model\_omp.py", line 804, in fit
    coef_, self.n_iter_ = orthogonal_mp_gram(
                          ^^^^^^^^^^^^^^^^^^^
  File "C:\Users\pbard\.conda\envs\transplantML\Lib\site-packages\sklearn\utils\_param_validation.py", line 186, in wrapper
    return func(*args, **kwargs)
           ^^^^^^^^^^^^^^^^^^^^^
  File "C:\Users\pbard\.conda\envs\transplantML\Lib\site-packages\sklearn\linear_model\_omp.py", line 605, in orthogonal_mp_gram
    raise ValueError(
ValueError: The number of atoms cannot be more than the number of features

  warnings.warn(some_fits_failed_message, FitFailedWarning)
C:\Users\pbard\.conda\envs\transplantML\Lib\site-packages\sklearn\model_selection\_search.py:1052: UserWarning: One or more of the test scores are non-finite: [-481.05671452 -499.83809387 -240.4129525  -259.95573875 -329.37938
           nan           nan]
  warnings.warn(
C:\Users\pbard\.conda\envs\transplantML\Lib\site-packages\sklearn\model_selection\_validation.py:540: FitFailedWarning: 
10 fits failed out of a total of 35.
The score on these train-test partitions for these parameters will be set to nan.
If these failures are not expected, you can try to debug them by setting error_score='raise'.

Below are more details about the failures:
--------------------------------------------------------------------------------
10 fits failed with the following error:
Traceback (most recent call last):
  File "C:\Users\pbard\.conda\envs\transplantML\Lib\site-packages\sklearn\model_selection\_validation.py", line 888, in _fit_and_score
    estimator.fit(X_train, y_train, **fit_params)
  File "C:\Users\pbard\.conda\envs\transplantML\Lib\site-packages\sklearn\base.py", line 1473, in wrapper
    return fit_method(estimator, *args, **kwargs)
           ^^^^^^^^^^^^^^^^^^^^^^^^^^^^^^^^^^^^^^
  File "C:\Users\pbard\.conda\envs\transplantML\Lib\site-packages\sklearn\linear_model\_omp.py", line 804, in fit
    coef_, self.n_iter_ = orthogonal_mp_gram(
                          ^^^^^^^^^^^^^^^^^^^
  File "C:\Users\pbard\.conda\envs\transplantML\Lib\site-packages\sklearn\utils\_param_validation.py", line 186, in wrapper
    return func(*args, **kwargs)
           ^^^^^^^^^^^^^^^^^^^^^
  File "C:\Users\pbard\.conda\envs\transplantML\Lib\site-packages\sklearn\linear_model\_omp.py", line 605, in orthogonal_mp_gram
    raise ValueError(
ValueError: The number of atoms cannot be more than the number of features

  warnings.warn(some_fits_failed_message, FitFailedWarning)
C:\Users\pbard\.conda\envs\transplantML\Lib\site-packages\sklearn\model_selection\_search.py:1052: UserWarning: One or more of the test scores are non-finite: [-464.85449787 -469.76588996 -239.23704392 -258.67603914 -285.49312126
           nan           nan]
  warnings.warn(
C:\Users\pbard\.conda\envs\transplantML\Lib\site-packages\sklearn\model_selection\_validation.py:540: FitFailedWarning: 
15 fits failed out of a total of 35.
The score on these train-test partitions for these parameters will be set to nan.
If these failures are not expected, you can try to debug them by setting error_score='raise'.

Below are more details about the failures:
--------------------------------------------------------------------------------
15 fits failed with the following error:
Traceback (most recent call last):
  File "C:\Users\pbard\.conda\envs\transplantML\Lib\site-packages\sklearn\model_selection\_validation.py", line 888, in _fit_and_score
    estimator.fit(X_train, y_train, **fit_params)
  File "C:\Users\pbard\.conda\envs\transplantML\Lib\site-packages\sklearn\base.py", line 1473, in wrapper
    return fit_method(estimator, *args, **kwargs)
           ^^^^^^^^^^^^^^^^^^^^^^^^^^^^^^^^^^^^^^
  File "C:\Users\pbard\.conda\envs\transplantML\Lib\site-packages\sklearn\linear_model\_omp.py", line 804, in fit
    coef_, self.n_iter_ = orthogonal_mp_gram(
                          ^^^^^^^^^^^^^^^^^^^
  File "C:\Users\pbard\.conda\envs\transplantML\Lib\site-packages\sklearn\utils\_param_validation.py", line 186, in wrapper
    return func(*args, **kwargs)
           ^^^^^^^^^^^^^^^^^^^^^
  File "C:\Users\pbard\.conda\envs\transplantML\Lib\site-packages\sklearn\linear_model\_omp.py", line 605, in orthogonal_mp_gram
    raise ValueError(
ValueError: The number of atoms cannot be more than the number of features

  warnings.warn(some_fits_failed_message, FitFailedWarning)
C:\Users\pbard\.conda\envs\transplantML\Lib\site-packages\sklearn\model_selection\_search.py:1052: UserWarning: One or more of the test scores are non-finite: [-543.33184938 -544.56833645 -236.89647121 -249.488585             nan
           nan           nan]
  warnings.warn(
C:\Users\pbard\.conda\envs\transplantML\Lib\site-packages\sklearn\model_selection\_validation.py:540: FitFailedWarning: 
15 fits failed out of a total of 35.
The score on these train-test partitions for these parameters will be set to nan.
If these failures are not expected, you can try to debug them by setting error_score='raise'.

Below are more details about the failures:
--------------------------------------------------------------------------------
15 fits failed with the following error:
Traceback (most recent call last):
  File "C:\Users\pbard\.conda\envs\transplantML\Lib\site-packages\sklearn\model_selection\_validation.py", line 888, in _fit_and_score
    estimator.fit(X_train, y_train, **fit_params)
  File "C:\Users\pbard\.conda\envs\transplantML\Lib\site-packages\sklearn\base.py", line 1473, in wrapper
    return fit_method(estimator, *args, **kwargs)
           ^^^^^^^^^^^^^^^^^^^^^^^^^^^^^^^^^^^^^^
  File "C:\Users\pbard\.conda\envs\transplantML\Lib\site-packages\sklearn\linear_model\_omp.py", line 804, in fit
    coef_, self.n_iter_ = orthogonal_mp_gram(
                          ^^^^^^^^^^^^^^^^^^^
  File "C:\Users\pbard\.conda\envs\transplantML\Lib\site-packages\sklearn\utils\_param_validation.py", line 186, in wrapper
    return func(*args, **kwargs)
           ^^^^^^^^^^^^^^^^^^^^^
  File "C:\Users\pbard\.conda\envs\transplantML\Lib\site-packages\sklearn\linear_model\_omp.py", line 605, in orthogonal_mp_gram
    raise ValueError(
ValueError: The number of atoms cannot be more than the number of features

  warnings.warn(some_fits_failed_message, FitFailedWarning)
C:\Users\pbard\.conda\envs\transplantML\Lib\site-packages\sklearn\model_selection\_search.py:1052: UserWarning: One or more of the test scores are non-finite: [-476.805203   -475.64198198 -277.92674604 -303.83783966           nan
           nan           nan]
  warnings.warn(
C:\Users\pbard\.conda\envs\transplantML\Lib\site-packages\sklearn\model_selection\_validation.py:540: FitFailedWarning: 
15 fits failed out of a total of 35.
The score on these train-test partitions for these parameters will be set to nan.
If these failures are not expected, you can try to debug them by setting error_score='raise'.

Below are more details about the failures:
--------------------------------------------------------------------------------
15 fits failed with the following error:
Traceback (most recent call last):
  File "C:\Users\pbard\.conda\envs\transplantML\Lib\site-packages\sklearn\model_selection\_validation.py", line 888, in _fit_and_score
    estimator.fit(X_train, y_train, **fit_params)
  File "C:\Users\pbard\.conda\envs\transplantML\Lib\site-packages\sklearn\base.py", line 1473, in wrapper
    return fit_method(estimator, *args, **kwargs)
           ^^^^^^^^^^^^^^^^^^^^^^^^^^^^^^^^^^^^^^
  File "C:\Users\pbard\.conda\envs\transplantML\Lib\site-packages\sklearn\linear_model\_omp.py", line 804, in fit
    coef_, self.n_iter_ = orthogonal_mp_gram(
                          ^^^^^^^^^^^^^^^^^^^
  File "C:\Users\pbard\.conda\envs\transplantML\Lib\site-packages\sklearn\utils\_param_validation.py", line 186, in wrapper
    return func(*args, **kwargs)
           ^^^^^^^^^^^^^^^^^^^^^
  File "C:\Users\pbard\.conda\envs\transplantML\Lib\site-packages\sklearn\linear_model\_omp.py", line 605, in orthogonal_mp_gram
    raise ValueError(
ValueError: The number of atoms cannot be more than the number of features

  warnings.warn(some_fits_failed_message, FitFailedWarning)
C:\Users\pbard\.conda\envs\transplantML\Lib\site-packages\sklearn\model_selection\_search.py:1052: UserWarning: One or more of the test scores are non-finite: [-509.61445704 -498.34988464 -211.94025957 -214.71150227           nan
           nan           nan]
  warnings.warn(
C:\Users\pbard\.conda\envs\transplantML\Lib\site-packages\sklearn\model_selection\_validation.py:540: FitFailedWarning: 
15 fits failed out of a total of 35.
The score on these train-test partitions for these parameters will be set to nan.
If these failures are not expected, you can try to debug them by setting error_score='raise'.

Below are more details about the failures:
--------------------------------------------------------------------------------
15 fits failed with the following error:
Traceback (most recent call last):
  File "C:\Users\pbard\.conda\envs\transplantML\Lib\site-packages\sklearn\model_selection\_validation.py", line 888, in _fit_and_score
    estimator.fit(X_train, y_train, **fit_params)
  File "C:\Users\pbard\.conda\envs\transplantML\Lib\site-packages\sklearn\base.py", line 1473, in wrapper
    return fit_method(estimator, *args, **kwargs)
           ^^^^^^^^^^^^^^^^^^^^^^^^^^^^^^^^^^^^^^
  File "C:\Users\pbard\.conda\envs\transplantML\Lib\site-packages\sklearn\linear_model\_omp.py", line 804, in fit
    coef_, self.n_iter_ = orthogonal_mp_gram(
                          ^^^^^^^^^^^^^^^^^^^
  File "C:\Users\pbard\.conda\envs\transplantML\Lib\site-packages\sklearn\utils\_param_validation.py", line 186, in wrapper
    return func(*args, **kwargs)
           ^^^^^^^^^^^^^^^^^^^^^
  File "C:\Users\pbard\.conda\envs\transplantML\Lib\site-packages\sklearn\linear_model\_omp.py", line 605, in orthogonal_mp_gram
    raise ValueError(
ValueError: The number of atoms cannot be more than the number of features

  warnings.warn(some_fits_failed_message, FitFailedWarning)
C:\Users\pbard\.conda\envs\transplantML\Lib\site-packages\sklearn\model_selection\_search.py:1052: UserWarning: One or more of the test scores are non-finite: [-497.71999582 -505.06541177 -208.56266721 -234.47754925           nan
           nan           nan]
  warnings.warn(
C:\Users\pbard\.conda\envs\transplantML\Lib\site-packages\sklearn\model_selection\_validation.py:540: FitFailedWarning: 
15 fits failed out of a total of 35.
The score on these train-test partitions for these parameters will be set to nan.
If these failures are not expected, you can try to debug them by setting error_score='raise'.

Below are more details about the failures:
--------------------------------------------------------------------------------
15 fits failed with the following error:
Traceback (most recent call last):
  File "C:\Users\pbard\.conda\envs\transplantML\Lib\site-packages\sklearn\model_selection\_validation.py", line 888, in _fit_and_score
    estimator.fit(X_train, y_train, **fit_params)
  File "C:\Users\pbard\.conda\envs\transplantML\Lib\site-packages\sklearn\base.py", line 1473, in wrapper
    return fit_method(estimator, *args, **kwargs)
           ^^^^^^^^^^^^^^^^^^^^^^^^^^^^^^^^^^^^^^
  File "C:\Users\pbard\.conda\envs\transplantML\Lib\site-packages\sklearn\linear_model\_omp.py", line 804, in fit
    coef_, self.n_iter_ = orthogonal_mp_gram(
                          ^^^^^^^^^^^^^^^^^^^
  File "C:\Users\pbard\.conda\envs\transplantML\Lib\site-packages\sklearn\utils\_param_validation.py", line 186, in wrapper
    return func(*args, **kwargs)
           ^^^^^^^^^^^^^^^^^^^^^
  File "C:\Users\pbard\.conda\envs\transplantML\Lib\site-packages\sklearn\linear_model\_omp.py", line 605, in orthogonal_mp_gram
    raise ValueError(
ValueError: The number of atoms cannot be more than the number of features

  warnings.warn(some_fits_failed_message, FitFailedWarning)
C:\Users\pbard\.conda\envs\transplantML\Lib\site-packages\sklearn\model_selection\_search.py:1052: UserWarning: One or more of the test scores are non-finite: [-495.83012237 -487.67565909 -227.13456751 -272.90056062           nan
           nan           nan]
  warnings.warn(
C:\Users\pbard\.conda\envs\transplantML\Lib\site-packages\sklearn\model_selection\_validation.py:540: FitFailedWarning: 
15 fits failed out of a total of 35.
The score on these train-test partitions for these parameters will be set to nan.
If these failures are not expected, you can try to debug them by setting error_score='raise'.

Below are more details about the failures:
--------------------------------------------------------------------------------
15 fits failed with the following error:
Traceback (most recent call last):
  File "C:\Users\pbard\.conda\envs\transplantML\Lib\site-packages\sklearn\model_selection\_validation.py", line 888, in _fit_and_score
    estimator.fit(X_train, y_train, **fit_params)
  File "C:\Users\pbard\.conda\envs\transplantML\Lib\site-packages\sklearn\base.py", line 1473, in wrapper
    return fit_method(estimator, *args, **kwargs)
           ^^^^^^^^^^^^^^^^^^^^^^^^^^^^^^^^^^^^^^
  File "C:\Users\pbard\.conda\envs\transplantML\Lib\site-packages\sklearn\linear_model\_omp.py", line 804, in fit
    coef_, self.n_iter_ = orthogonal_mp_gram(
                          ^^^^^^^^^^^^^^^^^^^
  File "C:\Users\pbard\.conda\envs\transplantML\Lib\site-packages\sklearn\utils\_param_validation.py", line 186, in wrapper
    return func(*args, **kwargs)
           ^^^^^^^^^^^^^^^^^^^^^
  File "C:\Users\pbard\.conda\envs\transplantML\Lib\site-packages\sklearn\linear_model\_omp.py", line 605, in orthogonal_mp_gram
    raise ValueError(
ValueError: The number of atoms cannot be more than the number of features

  warnings.warn(some_fits_failed_message, FitFailedWarning)
C:\Users\pbard\.conda\envs\transplantML\Lib\site-packages\sklearn\model_selection\_search.py:1052: UserWarning: One or more of the test scores are non-finite: [-520.10056684 -530.74047852 -216.88467332 -276.67251067           nan
           nan           nan]
  warnings.warn(
C:\Users\pbard\.conda\envs\transplantML\Lib\site-packages\sklearn\model_selection\_validation.py:540: FitFailedWarning: 
15 fits failed out of a total of 35.
The score on these train-test partitions for these parameters will be set to nan.
If these failures are not expected, you can try to debug them by setting error_score='raise'.

Below are more details about the failures:
--------------------------------------------------------------------------------
15 fits failed with the following error:
Traceback (most recent call last):
  File "C:\Users\pbard\.conda\envs\transplantML\Lib\site-packages\sklearn\model_selection\_validation.py", line 888, in _fit_and_score
    estimator.fit(X_train, y_train, **fit_params)
  File "C:\Users\pbard\.conda\envs\transplantML\Lib\site-packages\sklearn\base.py", line 1473, in wrapper
    return fit_method(estimator, *args, **kwargs)
           ^^^^^^^^^^^^^^^^^^^^^^^^^^^^^^^^^^^^^^
  File "C:\Users\pbard\.conda\envs\transplantML\Lib\site-packages\sklearn\linear_model\_omp.py", line 804, in fit
    coef_, self.n_iter_ = orthogonal_mp_gram(
                          ^^^^^^^^^^^^^^^^^^^
  File "C:\Users\pbard\.conda\envs\transplantML\Lib\site-packages\sklearn\utils\_param_validation.py", line 186, in wrapper
    return func(*args, **kwargs)
           ^^^^^^^^^^^^^^^^^^^^^
  File "C:\Users\pbard\.conda\envs\transplantML\Lib\site-packages\sklearn\linear_model\_omp.py", line 605, in orthogonal_mp_gram
    raise ValueError(
ValueError: The number of atoms cannot be more than the number of features

  warnings.warn(some_fits_failed_message, FitFailedWarning)
C:\Users\pbard\.conda\envs\transplantML\Lib\site-packages\sklearn\model_selection\_search.py:1052: UserWarning: One or more of the test scores are non-finite: [-483.28324631 -509.44682309 -233.24050363 -256.56374106           nan
           nan           nan]
  warnings.warn(
C:\Users\pbard\.conda\envs\transplantML\Lib\site-packages\sklearn\model_selection\_validation.py:540: FitFailedWarning: 
15 fits failed out of a total of 35.
The score on these train-test partitions for these parameters will be set to nan.
If these failures are not expected, you can try to debug them by setting error_score='raise'.

Below are more details about the failures:
--------------------------------------------------------------------------------
15 fits failed with the following error:
Traceback (most recent call last):
  File "C:\Users\pbard\.conda\envs\transplantML\Lib\site-packages\sklearn\model_selection\_validation.py", line 888, in _fit_and_score
    estimator.fit(X_train, y_train, **fit_params)
  File "C:\Users\pbard\.conda\envs\transplantML\Lib\site-packages\sklearn\base.py", line 1473, in wrapper
    return fit_method(estimator, *args, **kwargs)
           ^^^^^^^^^^^^^^^^^^^^^^^^^^^^^^^^^^^^^^
  File "C:\Users\pbard\.conda\envs\transplantML\Lib\site-packages\sklearn\linear_model\_omp.py", line 804, in fit
    coef_, self.n_iter_ = orthogonal_mp_gram(
                          ^^^^^^^^^^^^^^^^^^^
  File "C:\Users\pbard\.conda\envs\transplantML\Lib\site-packages\sklearn\utils\_param_validation.py", line 186, in wrapper
    return func(*args, **kwargs)
           ^^^^^^^^^^^^^^^^^^^^^
  File "C:\Users\pbard\.conda\envs\transplantML\Lib\site-packages\sklearn\linear_model\_omp.py", line 605, in orthogonal_mp_gram
    raise ValueError(
ValueError: The number of atoms cannot be more than the number of features

  warnings.warn(some_fits_failed_message, FitFailedWarning)
C:\Users\pbard\.conda\envs\transplantML\Lib\site-packages\sklearn\model_selection\_search.py:1052: UserWarning: One or more of the test scores are non-finite: [-514.32390799 -519.5266467  -221.06561057 -242.30515135           nan
           nan           nan]
  warnings.warn(
C:\Users\pbard\.conda\envs\transplantML\Lib\site-packages\sklearn\model_selection\_validation.py:540: FitFailedWarning: 
15 fits failed out of a total of 35.
The score on these train-test partitions for these parameters will be set to nan.
If these failures are not expected, you can try to debug them by setting error_score='raise'.

Below are more details about the failures:
--------------------------------------------------------------------------------
15 fits failed with the following error:
Traceback (most recent call last):
  File "C:\Users\pbard\.conda\envs\transplantML\Lib\site-packages\sklearn\model_selection\_validation.py", line 888, in _fit_and_score
    estimator.fit(X_train, y_train, **fit_params)
  File "C:\Users\pbard\.conda\envs\transplantML\Lib\site-packages\sklearn\base.py", line 1473, in wrapper
    return fit_method(estimator, *args, **kwargs)
           ^^^^^^^^^^^^^^^^^^^^^^^^^^^^^^^^^^^^^^
  File "C:\Users\pbard\.conda\envs\transplantML\Lib\site-packages\sklearn\linear_model\_omp.py", line 804, in fit
    coef_, self.n_iter_ = orthogonal_mp_gram(
                          ^^^^^^^^^^^^^^^^^^^
  File "C:\Users\pbard\.conda\envs\transplantML\Lib\site-packages\sklearn\utils\_param_validation.py", line 186, in wrapper
    return func(*args, **kwargs)
           ^^^^^^^^^^^^^^^^^^^^^
  File "C:\Users\pbard\.conda\envs\transplantML\Lib\site-packages\sklearn\linear_model\_omp.py", line 605, in orthogonal_mp_gram
    raise ValueError(
ValueError: The number of atoms cannot be more than the number of features

  warnings.warn(some_fits_failed_message, FitFailedWarning)
C:\Users\pbard\.conda\envs\transplantML\Lib\site-packages\sklearn\model_selection\_search.py:1052: UserWarning: One or more of the test scores are non-finite: [-481.05671452 -499.83809387 -240.66742103 -272.64034067           nan
           nan           nan]
  warnings.warn(
C:\Users\pbard\.conda\envs\transplantML\Lib\site-packages\sklearn\model_selection\_validation.py:540: FitFailedWarning: 
15 fits failed out of a total of 35.
The score on these train-test partitions for these parameters will be set to nan.
If these failures are not expected, you can try to debug them by setting error_score='raise'.

Below are more details about the failures:
--------------------------------------------------------------------------------
15 fits failed with the following error:
Traceback (most recent call last):
  File "C:\Users\pbard\.conda\envs\transplantML\Lib\site-packages\sklearn\model_selection\_validation.py", line 888, in _fit_and_score
    estimator.fit(X_train, y_train, **fit_params)
  File "C:\Users\pbard\.conda\envs\transplantML\Lib\site-packages\sklearn\base.py", line 1473, in wrapper
    return fit_method(estimator, *args, **kwargs)
           ^^^^^^^^^^^^^^^^^^^^^^^^^^^^^^^^^^^^^^
  File "C:\Users\pbard\.conda\envs\transplantML\Lib\site-packages\sklearn\linear_model\_omp.py", line 804, in fit
    coef_, self.n_iter_ = orthogonal_mp_gram(
                          ^^^^^^^^^^^^^^^^^^^
  File "C:\Users\pbard\.conda\envs\transplantML\Lib\site-packages\sklearn\utils\_param_validation.py", line 186, in wrapper
    return func(*args, **kwargs)
           ^^^^^^^^^^^^^^^^^^^^^
  File "C:\Users\pbard\.conda\envs\transplantML\Lib\site-packages\sklearn\linear_model\_omp.py", line 605, in orthogonal_mp_gram
    raise ValueError(
ValueError: The number of atoms cannot be more than the number of features

  warnings.warn(some_fits_failed_message, FitFailedWarning)
C:\Users\pbard\.conda\envs\transplantML\Lib\site-packages\sklearn\model_selection\_search.py:1052: UserWarning: One or more of the test scores are non-finite: [-464.85449787 -469.76588996 -223.99779305 -236.11526726           nan
           nan           nan]
  warnings.warn(
C:\Users\pbard\.conda\envs\transplantML\Lib\site-packages\sklearn\model_selection\_validation.py:540: FitFailedWarning: 
15 fits failed out of a total of 35.
The score on these train-test partitions for these parameters will be set to nan.
If these failures are not expected, you can try to debug them by setting error_score='raise'.

Below are more details about the failures:
--------------------------------------------------------------------------------
15 fits failed with the following error:
Traceback (most recent call last):
  File "C:\Users\pbard\.conda\envs\transplantML\Lib\site-packages\sklearn\model_selection\_validation.py", line 888, in _fit_and_score
    estimator.fit(X_train, y_train, **fit_params)
  File "C:\Users\pbard\.conda\envs\transplantML\Lib\site-packages\sklearn\base.py", line 1473, in wrapper
    return fit_method(estimator, *args, **kwargs)
           ^^^^^^^^^^^^^^^^^^^^^^^^^^^^^^^^^^^^^^
  File "C:\Users\pbard\.conda\envs\transplantML\Lib\site-packages\sklearn\linear_model\_omp.py", line 804, in fit
    coef_, self.n_iter_ = orthogonal_mp_gram(
                          ^^^^^^^^^^^^^^^^^^^
  File "C:\Users\pbard\.conda\envs\transplantML\Lib\site-packages\sklearn\utils\_param_validation.py", line 186, in wrapper
    return func(*args, **kwargs)
           ^^^^^^^^^^^^^^^^^^^^^
  File "C:\Users\pbard\.conda\envs\transplantML\Lib\site-packages\sklearn\linear_model\_omp.py", line 605, in orthogonal_mp_gram
    raise ValueError(
ValueError: The number of atoms cannot be more than the number of features

  warnings.warn(some_fits_failed_message, FitFailedWarning)
C:\Users\pbard\.conda\envs\transplantML\Lib\site-packages\sklearn\model_selection\_search.py:1052: UserWarning: One or more of the test scores are non-finite: [-543.33184938 -544.56833645 -331.81160674 -333.65015502           nan
           nan           nan]
  warnings.warn(
C:\Users\pbard\.conda\envs\transplantML\Lib\site-packages\sklearn\model_selection\_validation.py:540: FitFailedWarning: 
15 fits failed out of a total of 35.
The score on these train-test partitions for these parameters will be set to nan.
If these failures are not expected, you can try to debug them by setting error_score='raise'.

Below are more details about the failures:
--------------------------------------------------------------------------------
15 fits failed with the following error:
Traceback (most recent call last):
  File "C:\Users\pbard\.conda\envs\transplantML\Lib\site-packages\sklearn\model_selection\_validation.py", line 888, in _fit_and_score
    estimator.fit(X_train, y_train, **fit_params)
  File "C:\Users\pbard\.conda\envs\transplantML\Lib\site-packages\sklearn\base.py", line 1473, in wrapper
    return fit_method(estimator, *args, **kwargs)
           ^^^^^^^^^^^^^^^^^^^^^^^^^^^^^^^^^^^^^^
  File "C:\Users\pbard\.conda\envs\transplantML\Lib\site-packages\sklearn\linear_model\_omp.py", line 804, in fit
    coef_, self.n_iter_ = orthogonal_mp_gram(
                          ^^^^^^^^^^^^^^^^^^^
  File "C:\Users\pbard\.conda\envs\transplantML\Lib\site-packages\sklearn\utils\_param_validation.py", line 186, in wrapper
    return func(*args, **kwargs)
           ^^^^^^^^^^^^^^^^^^^^^
  File "C:\Users\pbard\.conda\envs\transplantML\Lib\site-packages\sklearn\linear_model\_omp.py", line 605, in orthogonal_mp_gram
    raise ValueError(
ValueError: The number of atoms cannot be more than the number of features

  warnings.warn(some_fits_failed_message, FitFailedWarning)
C:\Users\pbard\.conda\envs\transplantML\Lib\site-packages\sklearn\model_selection\_search.py:1052: UserWarning: One or more of the test scores are non-finite: [-476.805203   -475.64198198 -377.97313299 -443.92268251           nan
           nan           nan]
  warnings.warn(
C:\Users\pbard\.conda\envs\transplantML\Lib\site-packages\sklearn\model_selection\_validation.py:540: FitFailedWarning: 
15 fits failed out of a total of 35.
The score on these train-test partitions for these parameters will be set to nan.
If these failures are not expected, you can try to debug them by setting error_score='raise'.

Below are more details about the failures:
--------------------------------------------------------------------------------
15 fits failed with the following error:
Traceback (most recent call last):
  File "C:\Users\pbard\.conda\envs\transplantML\Lib\site-packages\sklearn\model_selection\_validation.py", line 888, in _fit_and_score
    estimator.fit(X_train, y_train, **fit_params)
  File "C:\Users\pbard\.conda\envs\transplantML\Lib\site-packages\sklearn\base.py", line 1473, in wrapper
    return fit_method(estimator, *args, **kwargs)
           ^^^^^^^^^^^^^^^^^^^^^^^^^^^^^^^^^^^^^^
  File "C:\Users\pbard\.conda\envs\transplantML\Lib\site-packages\sklearn\linear_model\_omp.py", line 804, in fit
    coef_, self.n_iter_ = orthogonal_mp_gram(
                          ^^^^^^^^^^^^^^^^^^^
  File "C:\Users\pbard\.conda\envs\transplantML\Lib\site-packages\sklearn\utils\_param_validation.py", line 186, in wrapper
    return func(*args, **kwargs)
           ^^^^^^^^^^^^^^^^^^^^^
  File "C:\Users\pbard\.conda\envs\transplantML\Lib\site-packages\sklearn\linear_model\_omp.py", line 605, in orthogonal_mp_gram
    raise ValueError(
ValueError: The number of atoms cannot be more than the number of features

  warnings.warn(some_fits_failed_message, FitFailedWarning)
C:\Users\pbard\.conda\envs\transplantML\Lib\site-packages\sklearn\model_selection\_search.py:1052: UserWarning: One or more of the test scores are non-finite: [-509.61445704 -498.34988464 -387.11582022 -383.94589565           nan
           nan           nan]
  warnings.warn(
C:\Users\pbard\.conda\envs\transplantML\Lib\site-packages\sklearn\model_selection\_validation.py:540: FitFailedWarning: 
15 fits failed out of a total of 35.
The score on these train-test partitions for these parameters will be set to nan.
If these failures are not expected, you can try to debug them by setting error_score='raise'.

Below are more details about the failures:
--------------------------------------------------------------------------------
15 fits failed with the following error:
Traceback (most recent call last):
  File "C:\Users\pbard\.conda\envs\transplantML\Lib\site-packages\sklearn\model_selection\_validation.py", line 888, in _fit_and_score
    estimator.fit(X_train, y_train, **fit_params)
  File "C:\Users\pbard\.conda\envs\transplantML\Lib\site-packages\sklearn\base.py", line 1473, in wrapper
    return fit_method(estimator, *args, **kwargs)
           ^^^^^^^^^^^^^^^^^^^^^^^^^^^^^^^^^^^^^^
  File "C:\Users\pbard\.conda\envs\transplantML\Lib\site-packages\sklearn\linear_model\_omp.py", line 804, in fit
    coef_, self.n_iter_ = orthogonal_mp_gram(
                          ^^^^^^^^^^^^^^^^^^^
  File "C:\Users\pbard\.conda\envs\transplantML\Lib\site-packages\sklearn\utils\_param_validation.py", line 186, in wrapper
    return func(*args, **kwargs)
           ^^^^^^^^^^^^^^^^^^^^^
  File "C:\Users\pbard\.conda\envs\transplantML\Lib\site-packages\sklearn\linear_model\_omp.py", line 605, in orthogonal_mp_gram
    raise ValueError(
ValueError: The number of atoms cannot be more than the number of features

  warnings.warn(some_fits_failed_message, FitFailedWarning)
C:\Users\pbard\.conda\envs\transplantML\Lib\site-packages\sklearn\model_selection\_search.py:1052: UserWarning: One or more of the test scores are non-finite: [-497.71999582 -505.06541177 -311.55020396 -346.86014341           nan
           nan           nan]
  warnings.warn(
C:\Users\pbard\.conda\envs\transplantML\Lib\site-packages\sklearn\model_selection\_validation.py:540: FitFailedWarning: 
15 fits failed out of a total of 35.
The score on these train-test partitions for these parameters will be set to nan.
If these failures are not expected, you can try to debug them by setting error_score='raise'.

Below are more details about the failures:
--------------------------------------------------------------------------------
15 fits failed with the following error:
Traceback (most recent call last):
  File "C:\Users\pbard\.conda\envs\transplantML\Lib\site-packages\sklearn\model_selection\_validation.py", line 888, in _fit_and_score
    estimator.fit(X_train, y_train, **fit_params)
  File "C:\Users\pbard\.conda\envs\transplantML\Lib\site-packages\sklearn\base.py", line 1473, in wrapper
    return fit_method(estimator, *args, **kwargs)
           ^^^^^^^^^^^^^^^^^^^^^^^^^^^^^^^^^^^^^^
  File "C:\Users\pbard\.conda\envs\transplantML\Lib\site-packages\sklearn\linear_model\_omp.py", line 804, in fit
    coef_, self.n_iter_ = orthogonal_mp_gram(
                          ^^^^^^^^^^^^^^^^^^^
  File "C:\Users\pbard\.conda\envs\transplantML\Lib\site-packages\sklearn\utils\_param_validation.py", line 186, in wrapper
    return func(*args, **kwargs)
           ^^^^^^^^^^^^^^^^^^^^^
  File "C:\Users\pbard\.conda\envs\transplantML\Lib\site-packages\sklearn\linear_model\_omp.py", line 605, in orthogonal_mp_gram
    raise ValueError(
ValueError: The number of atoms cannot be more than the number of features

  warnings.warn(some_fits_failed_message, FitFailedWarning)
C:\Users\pbard\.conda\envs\transplantML\Lib\site-packages\sklearn\model_selection\_search.py:1052: UserWarning: One or more of the test scores are non-finite: [-495.83012237 -487.67565909 -370.87018962 -479.99943008           nan
           nan           nan]
  warnings.warn(
C:\Users\pbard\.conda\envs\transplantML\Lib\site-packages\sklearn\model_selection\_validation.py:540: FitFailedWarning: 
15 fits failed out of a total of 35.
The score on these train-test partitions for these parameters will be set to nan.
If these failures are not expected, you can try to debug them by setting error_score='raise'.

Below are more details about the failures:
--------------------------------------------------------------------------------
15 fits failed with the following error:
Traceback (most recent call last):
  File "C:\Users\pbard\.conda\envs\transplantML\Lib\site-packages\sklearn\model_selection\_validation.py", line 888, in _fit_and_score
    estimator.fit(X_train, y_train, **fit_params)
  File "C:\Users\pbard\.conda\envs\transplantML\Lib\site-packages\sklearn\base.py", line 1473, in wrapper
    return fit_method(estimator, *args, **kwargs)
           ^^^^^^^^^^^^^^^^^^^^^^^^^^^^^^^^^^^^^^
  File "C:\Users\pbard\.conda\envs\transplantML\Lib\site-packages\sklearn\linear_model\_omp.py", line 804, in fit
    coef_, self.n_iter_ = orthogonal_mp_gram(
                          ^^^^^^^^^^^^^^^^^^^
  File "C:\Users\pbard\.conda\envs\transplantML\Lib\site-packages\sklearn\utils\_param_validation.py", line 186, in wrapper
    return func(*args, **kwargs)
           ^^^^^^^^^^^^^^^^^^^^^
  File "C:\Users\pbard\.conda\envs\transplantML\Lib\site-packages\sklearn\linear_model\_omp.py", line 605, in orthogonal_mp_gram
    raise ValueError(
ValueError: The number of atoms cannot be more than the number of features

  warnings.warn(some_fits_failed_message, FitFailedWarning)
C:\Users\pbard\.conda\envs\transplantML\Lib\site-packages\sklearn\model_selection\_search.py:1052: UserWarning: One or more of the test scores are non-finite: [-520.10056684 -530.74047852 -296.40564813 -415.09410308           nan
           nan           nan]
  warnings.warn(
C:\Users\pbard\.conda\envs\transplantML\Lib\site-packages\sklearn\model_selection\_validation.py:540: FitFailedWarning: 
15 fits failed out of a total of 35.
The score on these train-test partitions for these parameters will be set to nan.
If these failures are not expected, you can try to debug them by setting error_score='raise'.

Below are more details about the failures:
--------------------------------------------------------------------------------
15 fits failed with the following error:
Traceback (most recent call last):
  File "C:\Users\pbard\.conda\envs\transplantML\Lib\site-packages\sklearn\model_selection\_validation.py", line 888, in _fit_and_score
    estimator.fit(X_train, y_train, **fit_params)
  File "C:\Users\pbard\.conda\envs\transplantML\Lib\site-packages\sklearn\base.py", line 1473, in wrapper
    return fit_method(estimator, *args, **kwargs)
           ^^^^^^^^^^^^^^^^^^^^^^^^^^^^^^^^^^^^^^
  File "C:\Users\pbard\.conda\envs\transplantML\Lib\site-packages\sklearn\linear_model\_omp.py", line 804, in fit
    coef_, self.n_iter_ = orthogonal_mp_gram(
                          ^^^^^^^^^^^^^^^^^^^
  File "C:\Users\pbard\.conda\envs\transplantML\Lib\site-packages\sklearn\utils\_param_validation.py", line 186, in wrapper
    return func(*args, **kwargs)
           ^^^^^^^^^^^^^^^^^^^^^
  File "C:\Users\pbard\.conda\envs\transplantML\Lib\site-packages\sklearn\linear_model\_omp.py", line 605, in orthogonal_mp_gram
    raise ValueError(
ValueError: The number of atoms cannot be more than the number of features

  warnings.warn(some_fits_failed_message, FitFailedWarning)
C:\Users\pbard\.conda\envs\transplantML\Lib\site-packages\sklearn\model_selection\_search.py:1052: UserWarning: One or more of the test scores are non-finite: [-483.28324631 -509.44682309 -366.83104026 -442.01861403           nan
           nan           nan]
  warnings.warn(
C:\Users\pbard\.conda\envs\transplantML\Lib\site-packages\sklearn\model_selection\_validation.py:540: FitFailedWarning: 
15 fits failed out of a total of 35.
The score on these train-test partitions for these parameters will be set to nan.
If these failures are not expected, you can try to debug them by setting error_score='raise'.

Below are more details about the failures:
--------------------------------------------------------------------------------
15 fits failed with the following error:
Traceback (most recent call last):
  File "C:\Users\pbard\.conda\envs\transplantML\Lib\site-packages\sklearn\model_selection\_validation.py", line 888, in _fit_and_score
    estimator.fit(X_train, y_train, **fit_params)
  File "C:\Users\pbard\.conda\envs\transplantML\Lib\site-packages\sklearn\base.py", line 1473, in wrapper
    return fit_method(estimator, *args, **kwargs)
           ^^^^^^^^^^^^^^^^^^^^^^^^^^^^^^^^^^^^^^
  File "C:\Users\pbard\.conda\envs\transplantML\Lib\site-packages\sklearn\linear_model\_omp.py", line 804, in fit
    coef_, self.n_iter_ = orthogonal_mp_gram(
                          ^^^^^^^^^^^^^^^^^^^
  File "C:\Users\pbard\.conda\envs\transplantML\Lib\site-packages\sklearn\utils\_param_validation.py", line 186, in wrapper
    return func(*args, **kwargs)
           ^^^^^^^^^^^^^^^^^^^^^
  File "C:\Users\pbard\.conda\envs\transplantML\Lib\site-packages\sklearn\linear_model\_omp.py", line 605, in orthogonal_mp_gram
    raise ValueError(
ValueError: The number of atoms cannot be more than the number of features

  warnings.warn(some_fits_failed_message, FitFailedWarning)
C:\Users\pbard\.conda\envs\transplantML\Lib\site-packages\sklearn\model_selection\_search.py:1052: UserWarning: One or more of the test scores are non-finite: [-514.32390799 -519.5266467  -392.55047912 -445.88258945           nan
           nan           nan]
  warnings.warn(
C:\Users\pbard\.conda\envs\transplantML\Lib\site-packages\sklearn\model_selection\_validation.py:540: FitFailedWarning: 
15 fits failed out of a total of 35.
The score on these train-test partitions for these parameters will be set to nan.
If these failures are not expected, you can try to debug them by setting error_score='raise'.

Below are more details about the failures:
--------------------------------------------------------------------------------
15 fits failed with the following error:
Traceback (most recent call last):
  File "C:\Users\pbard\.conda\envs\transplantML\Lib\site-packages\sklearn\model_selection\_validation.py", line 888, in _fit_and_score
    estimator.fit(X_train, y_train, **fit_params)
  File "C:\Users\pbard\.conda\envs\transplantML\Lib\site-packages\sklearn\base.py", line 1473, in wrapper
    return fit_method(estimator, *args, **kwargs)
           ^^^^^^^^^^^^^^^^^^^^^^^^^^^^^^^^^^^^^^
  File "C:\Users\pbard\.conda\envs\transplantML\Lib\site-packages\sklearn\linear_model\_omp.py", line 804, in fit
    coef_, self.n_iter_ = orthogonal_mp_gram(
                          ^^^^^^^^^^^^^^^^^^^
  File "C:\Users\pbard\.conda\envs\transplantML\Lib\site-packages\sklearn\utils\_param_validation.py", line 186, in wrapper
    return func(*args, **kwargs)
           ^^^^^^^^^^^^^^^^^^^^^
  File "C:\Users\pbard\.conda\envs\transplantML\Lib\site-packages\sklearn\linear_model\_omp.py", line 605, in orthogonal_mp_gram
    raise ValueError(
ValueError: The number of atoms cannot be more than the number of features

  warnings.warn(some_fits_failed_message, FitFailedWarning)
C:\Users\pbard\.conda\envs\transplantML\Lib\site-packages\sklearn\model_selection\_search.py:1052: UserWarning: One or more of the test scores are non-finite: [-481.05671452 -499.83809387 -332.08449953 -378.412262             nan
           nan           nan]
  warnings.warn(
C:\Users\pbard\.conda\envs\transplantML\Lib\site-packages\sklearn\model_selection\_validation.py:540: FitFailedWarning: 
15 fits failed out of a total of 35.
The score on these train-test partitions for these parameters will be set to nan.
If these failures are not expected, you can try to debug them by setting error_score='raise'.

Below are more details about the failures:
--------------------------------------------------------------------------------
15 fits failed with the following error:
Traceback (most recent call last):
  File "C:\Users\pbard\.conda\envs\transplantML\Lib\site-packages\sklearn\model_selection\_validation.py", line 888, in _fit_and_score
    estimator.fit(X_train, y_train, **fit_params)
  File "C:\Users\pbard\.conda\envs\transplantML\Lib\site-packages\sklearn\base.py", line 1473, in wrapper
    return fit_method(estimator, *args, **kwargs)
           ^^^^^^^^^^^^^^^^^^^^^^^^^^^^^^^^^^^^^^
  File "C:\Users\pbard\.conda\envs\transplantML\Lib\site-packages\sklearn\linear_model\_omp.py", line 804, in fit
    coef_, self.n_iter_ = orthogonal_mp_gram(
                          ^^^^^^^^^^^^^^^^^^^
  File "C:\Users\pbard\.conda\envs\transplantML\Lib\site-packages\sklearn\utils\_param_validation.py", line 186, in wrapper
    return func(*args, **kwargs)
           ^^^^^^^^^^^^^^^^^^^^^
  File "C:\Users\pbard\.conda\envs\transplantML\Lib\site-packages\sklearn\linear_model\_omp.py", line 605, in orthogonal_mp_gram
    raise ValueError(
ValueError: The number of atoms cannot be more than the number of features

  warnings.warn(some_fits_failed_message, FitFailedWarning)
C:\Users\pbard\.conda\envs\transplantML\Lib\site-packages\sklearn\model_selection\_search.py:1052: UserWarning: One or more of the test scores are non-finite: [-464.85449787 -469.76588996 -381.16229091 -380.90697064           nan
           nan           nan]
  warnings.warn(
C:\Users\pbard\.conda\envs\transplantML\Lib\site-packages\sklearn\linear_model\_ridge.py:253: LinAlgWarning: Ill-conditioned matrix (rcond=6.86935e-17): result may not be accurate.
  dual_coef = linalg.solve(K, y, assume_a="pos", overwrite_a=False)
C:\Users\pbard\.conda\envs\transplantML\Lib\site-packages\sklearn\linear_model\_ridge.py:253: LinAlgWarning: Ill-conditioned matrix (rcond=6.86935e-17): result may not be accurate.
  dual_coef = linalg.solve(K, y, assume_a="pos", overwrite_a=False)
C:\Users\pbard\.conda\envs\transplantML\Lib\site-packages\sklearn\linear_model\_ridge.py:253: LinAlgWarning: Ill-conditioned matrix (rcond=6.86935e-17): result may not be accurate.
  dual_coef = linalg.solve(K, y, assume_a="pos", overwrite_a=False)
C:\Users\pbard\.conda\envs\transplantML\Lib\site-packages\sklearn\linear_model\_ridge.py:253: LinAlgWarning: Ill-conditioned matrix (rcond=6.86935e-17): result may not be accurate.
  dual_coef = linalg.solve(K, y, assume_a="pos", overwrite_a=False)
C:\Users\pbard\.conda\envs\transplantML\Lib\site-packages\sklearn\linear_model\_ridge.py:253: LinAlgWarning: Ill-conditioned matrix (rcond=6.86935e-17): result may not be accurate.
  dual_coef = linalg.solve(K, y, assume_a="pos", overwrite_a=False)
C:\Users\pbard\.conda\envs\transplantML\Lib\site-packages\sklearn\linear_model\_ridge.py:253: LinAlgWarning: Ill-conditioned matrix (rcond=9.34372e-17): result may not be accurate.
  dual_coef = linalg.solve(K, y, assume_a="pos", overwrite_a=False)
C:\Users\pbard\.conda\envs\transplantML\Lib\site-packages\sklearn\linear_model\_ridge.py:253: LinAlgWarning: Ill-conditioned matrix (rcond=9.34372e-17): result may not be accurate.
  dual_coef = linalg.solve(K, y, assume_a="pos", overwrite_a=False)
C:\Users\pbard\.conda\envs\transplantML\Lib\site-packages\sklearn\linear_model\_ridge.py:253: LinAlgWarning: Ill-conditioned matrix (rcond=9.34372e-17): result may not be accurate.
  dual_coef = linalg.solve(K, y, assume_a="pos", overwrite_a=False)
C:\Users\pbard\.conda\envs\transplantML\Lib\site-packages\sklearn\linear_model\_ridge.py:253: LinAlgWarning: Ill-conditioned matrix (rcond=9.34372e-17): result may not be accurate.
  dual_coef = linalg.solve(K, y, assume_a="pos", overwrite_a=False)
C:\Users\pbard\.conda\envs\transplantML\Lib\site-packages\sklearn\linear_model\_ridge.py:253: LinAlgWarning: Ill-conditioned matrix (rcond=9.34372e-17): result may not be accurate.
  dual_coef = linalg.solve(K, y, assume_a="pos", overwrite_a=False)
C:\Users\pbard\.conda\envs\transplantML\Lib\site-packages\sklearn\linear_model\_ridge.py:253: LinAlgWarning: Ill-conditioned matrix (rcond=8.70104e-17): result may not be accurate.
  dual_coef = linalg.solve(K, y, assume_a="pos", overwrite_a=False)
C:\Users\pbard\.conda\envs\transplantML\Lib\site-packages\sklearn\linear_model\_ridge.py:253: LinAlgWarning: Ill-conditioned matrix (rcond=8.70104e-17): result may not be accurate.
  dual_coef = linalg.solve(K, y, assume_a="pos", overwrite_a=False)
C:\Users\pbard\.conda\envs\transplantML\Lib\site-packages\sklearn\linear_model\_ridge.py:253: LinAlgWarning: Ill-conditioned matrix (rcond=8.70104e-17): result may not be accurate.
  dual_coef = linalg.solve(K, y, assume_a="pos", overwrite_a=False)
C:\Users\pbard\.conda\envs\transplantML\Lib\site-packages\sklearn\linear_model\_ridge.py:253: LinAlgWarning: Ill-conditioned matrix (rcond=8.70104e-17): result may not be accurate.
  dual_coef = linalg.solve(K, y, assume_a="pos", overwrite_a=False)
C:\Users\pbard\.conda\envs\transplantML\Lib\site-packages\sklearn\linear_model\_ridge.py:253: LinAlgWarning: Ill-conditioned matrix (rcond=8.70104e-17): result may not be accurate.
  dual_coef = linalg.solve(K, y, assume_a="pos", overwrite_a=False)
C:\Users\pbard\.conda\envs\transplantML\Lib\site-packages\sklearn\linear_model\_ridge.py:253: LinAlgWarning: Ill-conditioned matrix (rcond=1.06528e-16): result may not be accurate.
  dual_coef = linalg.solve(K, y, assume_a="pos", overwrite_a=False)
C:\Users\pbard\.conda\envs\transplantML\Lib\site-packages\sklearn\linear_model\_ridge.py:253: LinAlgWarning: Ill-conditioned matrix (rcond=1.06528e-16): result may not be accurate.
  dual_coef = linalg.solve(K, y, assume_a="pos", overwrite_a=False)
C:\Users\pbard\.conda\envs\transplantML\Lib\site-packages\sklearn\linear_model\_ridge.py:253: LinAlgWarning: Ill-conditioned matrix (rcond=1.06528e-16): result may not be accurate.
  dual_coef = linalg.solve(K, y, assume_a="pos", overwrite_a=False)
C:\Users\pbard\.conda\envs\transplantML\Lib\site-packages\sklearn\linear_model\_ridge.py:253: LinAlgWarning: Ill-conditioned matrix (rcond=1.06528e-16): result may not be accurate.
  dual_coef = linalg.solve(K, y, assume_a="pos", overwrite_a=False)
C:\Users\pbard\.conda\envs\transplantML\Lib\site-packages\sklearn\linear_model\_ridge.py:253: LinAlgWarning: Ill-conditioned matrix (rcond=1.06528e-16): result may not be accurate.
  dual_coef = linalg.solve(K, y, assume_a="pos", overwrite_a=False)
C:\Users\pbard\.conda\envs\transplantML\Lib\site-packages\sklearn\linear_model\_ridge.py:253: LinAlgWarning: Ill-conditioned matrix (rcond=1.06536e-16): result may not be accurate.
  dual_coef = linalg.solve(K, y, assume_a="pos", overwrite_a=False)
C:\Users\pbard\.conda\envs\transplantML\Lib\site-packages\sklearn\linear_model\_ridge.py:253: LinAlgWarning: Ill-conditioned matrix (rcond=1.06536e-16): result may not be accurate.
  dual_coef = linalg.solve(K, y, assume_a="pos", overwrite_a=False)
C:\Users\pbard\.conda\envs\transplantML\Lib\site-packages\sklearn\linear_model\_ridge.py:253: LinAlgWarning: Ill-conditioned matrix (rcond=1.06536e-16): result may not be accurate.
  dual_coef = linalg.solve(K, y, assume_a="pos", overwrite_a=False)
C:\Users\pbard\.conda\envs\transplantML\Lib\site-packages\sklearn\linear_model\_ridge.py:253: LinAlgWarning: Ill-conditioned matrix (rcond=1.06536e-16): result may not be accurate.
  dual_coef = linalg.solve(K, y, assume_a="pos", overwrite_a=False)
C:\Users\pbard\.conda\envs\transplantML\Lib\site-packages\sklearn\linear_model\_ridge.py:253: LinAlgWarning: Ill-conditioned matrix (rcond=1.06536e-16): result may not be accurate.
  dual_coef = linalg.solve(K, y, assume_a="pos", overwrite_a=False)
C:\Users\pbard\.conda\envs\transplantML\Lib\site-packages\sklearn\model_selection\_validation.py:540: FitFailedWarning: 
15 fits failed out of a total of 35.
The score on these train-test partitions for these parameters will be set to nan.
If these failures are not expected, you can try to debug them by setting error_score='raise'.

Below are more details about the failures:
--------------------------------------------------------------------------------
15 fits failed with the following error:
Traceback (most recent call last):
  File "C:\Users\pbard\.conda\envs\transplantML\Lib\site-packages\sklearn\model_selection\_validation.py", line 888, in _fit_and_score
    estimator.fit(X_train, y_train, **fit_params)
  File "C:\Users\pbard\.conda\envs\transplantML\Lib\site-packages\sklearn\base.py", line 1473, in wrapper
    return fit_method(estimator, *args, **kwargs)
           ^^^^^^^^^^^^^^^^^^^^^^^^^^^^^^^^^^^^^^
  File "C:\Users\pbard\.conda\envs\transplantML\Lib\site-packages\sklearn\linear_model\_omp.py", line 804, in fit
    coef_, self.n_iter_ = orthogonal_mp_gram(
                          ^^^^^^^^^^^^^^^^^^^
  File "C:\Users\pbard\.conda\envs\transplantML\Lib\site-packages\sklearn\utils\_param_validation.py", line 186, in wrapper
    return func(*args, **kwargs)
           ^^^^^^^^^^^^^^^^^^^^^
  File "C:\Users\pbard\.conda\envs\transplantML\Lib\site-packages\sklearn\linear_model\_omp.py", line 605, in orthogonal_mp_gram
    raise ValueError(
ValueError: The number of atoms cannot be more than the number of features

  warnings.warn(some_fits_failed_message, FitFailedWarning)
C:\Users\pbard\.conda\envs\transplantML\Lib\site-packages\sklearn\model_selection\_search.py:1052: UserWarning: One or more of the test scores are non-finite: [-543.33184938 -544.56833645 -429.76611871 -411.40332177           nan
           nan           nan]
  warnings.warn(
C:\Users\pbard\.conda\envs\transplantML\Lib\site-packages\sklearn\model_selection\_validation.py:540: FitFailedWarning: 
15 fits failed out of a total of 35.
The score on these train-test partitions for these parameters will be set to nan.
If these failures are not expected, you can try to debug them by setting error_score='raise'.

Below are more details about the failures:
--------------------------------------------------------------------------------
15 fits failed with the following error:
Traceback (most recent call last):
  File "C:\Users\pbard\.conda\envs\transplantML\Lib\site-packages\sklearn\model_selection\_validation.py", line 888, in _fit_and_score
    estimator.fit(X_train, y_train, **fit_params)
  File "C:\Users\pbard\.conda\envs\transplantML\Lib\site-packages\sklearn\base.py", line 1473, in wrapper
    return fit_method(estimator, *args, **kwargs)
           ^^^^^^^^^^^^^^^^^^^^^^^^^^^^^^^^^^^^^^
  File "C:\Users\pbard\.conda\envs\transplantML\Lib\site-packages\sklearn\linear_model\_omp.py", line 804, in fit
    coef_, self.n_iter_ = orthogonal_mp_gram(
                          ^^^^^^^^^^^^^^^^^^^
  File "C:\Users\pbard\.conda\envs\transplantML\Lib\site-packages\sklearn\utils\_param_validation.py", line 186, in wrapper
    return func(*args, **kwargs)
           ^^^^^^^^^^^^^^^^^^^^^
  File "C:\Users\pbard\.conda\envs\transplantML\Lib\site-packages\sklearn\linear_model\_omp.py", line 605, in orthogonal_mp_gram
    raise ValueError(
ValueError: The number of atoms cannot be more than the number of features

  warnings.warn(some_fits_failed_message, FitFailedWarning)
C:\Users\pbard\.conda\envs\transplantML\Lib\site-packages\sklearn\model_selection\_search.py:1052: UserWarning: One or more of the test scores are non-finite: [-476.805203   -475.64198198 -428.87099109 -527.07236526           nan
           nan           nan]
  warnings.warn(
C:\Users\pbard\.conda\envs\transplantML\Lib\site-packages\sklearn\model_selection\_validation.py:540: FitFailedWarning: 
15 fits failed out of a total of 35.
The score on these train-test partitions for these parameters will be set to nan.
If these failures are not expected, you can try to debug them by setting error_score='raise'.

Below are more details about the failures:
--------------------------------------------------------------------------------
15 fits failed with the following error:
Traceback (most recent call last):
  File "C:\Users\pbard\.conda\envs\transplantML\Lib\site-packages\sklearn\model_selection\_validation.py", line 888, in _fit_and_score
    estimator.fit(X_train, y_train, **fit_params)
  File "C:\Users\pbard\.conda\envs\transplantML\Lib\site-packages\sklearn\base.py", line 1473, in wrapper
    return fit_method(estimator, *args, **kwargs)
           ^^^^^^^^^^^^^^^^^^^^^^^^^^^^^^^^^^^^^^
  File "C:\Users\pbard\.conda\envs\transplantML\Lib\site-packages\sklearn\linear_model\_omp.py", line 804, in fit
    coef_, self.n_iter_ = orthogonal_mp_gram(
                          ^^^^^^^^^^^^^^^^^^^
  File "C:\Users\pbard\.conda\envs\transplantML\Lib\site-packages\sklearn\utils\_param_validation.py", line 186, in wrapper
    return func(*args, **kwargs)
           ^^^^^^^^^^^^^^^^^^^^^
  File "C:\Users\pbard\.conda\envs\transplantML\Lib\site-packages\sklearn\linear_model\_omp.py", line 605, in orthogonal_mp_gram
    raise ValueError(
ValueError: The number of atoms cannot be more than the number of features

  warnings.warn(some_fits_failed_message, FitFailedWarning)
C:\Users\pbard\.conda\envs\transplantML\Lib\site-packages\sklearn\model_selection\_search.py:1052: UserWarning: One or more of the test scores are non-finite: [-509.61445704 -498.34988464 -464.88302071 -465.09698735           nan
           nan           nan]
  warnings.warn(
C:\Users\pbard\.conda\envs\transplantML\Lib\site-packages\sklearn\model_selection\_validation.py:540: FitFailedWarning: 
15 fits failed out of a total of 35.
The score on these train-test partitions for these parameters will be set to nan.
If these failures are not expected, you can try to debug them by setting error_score='raise'.

Below are more details about the failures:
--------------------------------------------------------------------------------
15 fits failed with the following error:
Traceback (most recent call last):
  File "C:\Users\pbard\.conda\envs\transplantML\Lib\site-packages\sklearn\model_selection\_validation.py", line 888, in _fit_and_score
    estimator.fit(X_train, y_train, **fit_params)
  File "C:\Users\pbard\.conda\envs\transplantML\Lib\site-packages\sklearn\base.py", line 1473, in wrapper
    return fit_method(estimator, *args, **kwargs)
           ^^^^^^^^^^^^^^^^^^^^^^^^^^^^^^^^^^^^^^
  File "C:\Users\pbard\.conda\envs\transplantML\Lib\site-packages\sklearn\linear_model\_omp.py", line 804, in fit
    coef_, self.n_iter_ = orthogonal_mp_gram(
                          ^^^^^^^^^^^^^^^^^^^
  File "C:\Users\pbard\.conda\envs\transplantML\Lib\site-packages\sklearn\utils\_param_validation.py", line 186, in wrapper
    return func(*args, **kwargs)
           ^^^^^^^^^^^^^^^^^^^^^
  File "C:\Users\pbard\.conda\envs\transplantML\Lib\site-packages\sklearn\linear_model\_omp.py", line 605, in orthogonal_mp_gram
    raise ValueError(
ValueError: The number of atoms cannot be more than the number of features

  warnings.warn(some_fits_failed_message, FitFailedWarning)
C:\Users\pbard\.conda\envs\transplantML\Lib\site-packages\sklearn\model_selection\_search.py:1052: UserWarning: One or more of the test scores are non-finite: [-497.71999582 -505.06541177 -405.79988216 -471.05740335           nan
           nan           nan]
  warnings.warn(
C:\Users\pbard\.conda\envs\transplantML\Lib\site-packages\sklearn\model_selection\_validation.py:540: FitFailedWarning: 
15 fits failed out of a total of 35.
The score on these train-test partitions for these parameters will be set to nan.
If these failures are not expected, you can try to debug them by setting error_score='raise'.

Below are more details about the failures:
--------------------------------------------------------------------------------
15 fits failed with the following error:
Traceback (most recent call last):
  File "C:\Users\pbard\.conda\envs\transplantML\Lib\site-packages\sklearn\model_selection\_validation.py", line 888, in _fit_and_score
    estimator.fit(X_train, y_train, **fit_params)
  File "C:\Users\pbard\.conda\envs\transplantML\Lib\site-packages\sklearn\base.py", line 1473, in wrapper
    return fit_method(estimator, *args, **kwargs)
           ^^^^^^^^^^^^^^^^^^^^^^^^^^^^^^^^^^^^^^
  File "C:\Users\pbard\.conda\envs\transplantML\Lib\site-packages\sklearn\linear_model\_omp.py", line 804, in fit
    coef_, self.n_iter_ = orthogonal_mp_gram(
                          ^^^^^^^^^^^^^^^^^^^
  File "C:\Users\pbard\.conda\envs\transplantML\Lib\site-packages\sklearn\utils\_param_validation.py", line 186, in wrapper
    return func(*args, **kwargs)
           ^^^^^^^^^^^^^^^^^^^^^
  File "C:\Users\pbard\.conda\envs\transplantML\Lib\site-packages\sklearn\linear_model\_omp.py", line 605, in orthogonal_mp_gram
    raise ValueError(
ValueError: The number of atoms cannot be more than the number of features

  warnings.warn(some_fits_failed_message, FitFailedWarning)
C:\Users\pbard\.conda\envs\transplantML\Lib\site-packages\sklearn\model_selection\_search.py:1052: UserWarning: One or more of the test scores are non-finite: [-495.83012237 -487.67565909 -436.16269954 -568.13800798           nan
           nan           nan]
  warnings.warn(
C:\Users\pbard\.conda\envs\transplantML\Lib\site-packages\sklearn\model_selection\_validation.py:540: FitFailedWarning: 
15 fits failed out of a total of 35.
The score on these train-test partitions for these parameters will be set to nan.
If these failures are not expected, you can try to debug them by setting error_score='raise'.

Below are more details about the failures:
--------------------------------------------------------------------------------
15 fits failed with the following error:
Traceback (most recent call last):
  File "C:\Users\pbard\.conda\envs\transplantML\Lib\site-packages\sklearn\model_selection\_validation.py", line 888, in _fit_and_score
    estimator.fit(X_train, y_train, **fit_params)
  File "C:\Users\pbard\.conda\envs\transplantML\Lib\site-packages\sklearn\base.py", line 1473, in wrapper
    return fit_method(estimator, *args, **kwargs)
           ^^^^^^^^^^^^^^^^^^^^^^^^^^^^^^^^^^^^^^
  File "C:\Users\pbard\.conda\envs\transplantML\Lib\site-packages\sklearn\linear_model\_omp.py", line 804, in fit
    coef_, self.n_iter_ = orthogonal_mp_gram(
                          ^^^^^^^^^^^^^^^^^^^
  File "C:\Users\pbard\.conda\envs\transplantML\Lib\site-packages\sklearn\utils\_param_validation.py", line 186, in wrapper
    return func(*args, **kwargs)
           ^^^^^^^^^^^^^^^^^^^^^
  File "C:\Users\pbard\.conda\envs\transplantML\Lib\site-packages\sklearn\linear_model\_omp.py", line 605, in orthogonal_mp_gram
    raise ValueError(
ValueError: The number of atoms cannot be more than the number of features

  warnings.warn(some_fits_failed_message, FitFailedWarning)
C:\Users\pbard\.conda\envs\transplantML\Lib\site-packages\sklearn\model_selection\_search.py:1052: UserWarning: One or more of the test scores are non-finite: [-520.10056684 -530.74047852 -418.00205402 -641.39878689           nan
           nan           nan]
  warnings.warn(
C:\Users\pbard\.conda\envs\transplantML\Lib\site-packages\sklearn\model_selection\_validation.py:540: FitFailedWarning: 
15 fits failed out of a total of 35.
The score on these train-test partitions for these parameters will be set to nan.
If these failures are not expected, you can try to debug them by setting error_score='raise'.

Below are more details about the failures:
--------------------------------------------------------------------------------
15 fits failed with the following error:
Traceback (most recent call last):
  File "C:\Users\pbard\.conda\envs\transplantML\Lib\site-packages\sklearn\model_selection\_validation.py", line 888, in _fit_and_score
    estimator.fit(X_train, y_train, **fit_params)
  File "C:\Users\pbard\.conda\envs\transplantML\Lib\site-packages\sklearn\base.py", line 1473, in wrapper
    return fit_method(estimator, *args, **kwargs)
           ^^^^^^^^^^^^^^^^^^^^^^^^^^^^^^^^^^^^^^
  File "C:\Users\pbard\.conda\envs\transplantML\Lib\site-packages\sklearn\linear_model\_omp.py", line 804, in fit
    coef_, self.n_iter_ = orthogonal_mp_gram(
                          ^^^^^^^^^^^^^^^^^^^
  File "C:\Users\pbard\.conda\envs\transplantML\Lib\site-packages\sklearn\utils\_param_validation.py", line 186, in wrapper
    return func(*args, **kwargs)
           ^^^^^^^^^^^^^^^^^^^^^
  File "C:\Users\pbard\.conda\envs\transplantML\Lib\site-packages\sklearn\linear_model\_omp.py", line 605, in orthogonal_mp_gram
    raise ValueError(
ValueError: The number of atoms cannot be more than the number of features

  warnings.warn(some_fits_failed_message, FitFailedWarning)
C:\Users\pbard\.conda\envs\transplantML\Lib\site-packages\sklearn\model_selection\_search.py:1052: UserWarning: One or more of the test scores are non-finite: [-483.28324631 -509.44682309 -452.46028536 -492.48557365           nan
           nan           nan]
  warnings.warn(
C:\Users\pbard\.conda\envs\transplantML\Lib\site-packages\sklearn\model_selection\_validation.py:540: FitFailedWarning: 
15 fits failed out of a total of 35.
The score on these train-test partitions for these parameters will be set to nan.
If these failures are not expected, you can try to debug them by setting error_score='raise'.

Below are more details about the failures:
--------------------------------------------------------------------------------
15 fits failed with the following error:
Traceback (most recent call last):
  File "C:\Users\pbard\.conda\envs\transplantML\Lib\site-packages\sklearn\model_selection\_validation.py", line 888, in _fit_and_score
    estimator.fit(X_train, y_train, **fit_params)
  File "C:\Users\pbard\.conda\envs\transplantML\Lib\site-packages\sklearn\base.py", line 1473, in wrapper
    return fit_method(estimator, *args, **kwargs)
           ^^^^^^^^^^^^^^^^^^^^^^^^^^^^^^^^^^^^^^
  File "C:\Users\pbard\.conda\envs\transplantML\Lib\site-packages\sklearn\linear_model\_omp.py", line 804, in fit
    coef_, self.n_iter_ = orthogonal_mp_gram(
                          ^^^^^^^^^^^^^^^^^^^
  File "C:\Users\pbard\.conda\envs\transplantML\Lib\site-packages\sklearn\utils\_param_validation.py", line 186, in wrapper
    return func(*args, **kwargs)
           ^^^^^^^^^^^^^^^^^^^^^
  File "C:\Users\pbard\.conda\envs\transplantML\Lib\site-packages\sklearn\linear_model\_omp.py", line 605, in orthogonal_mp_gram
    raise ValueError(
ValueError: The number of atoms cannot be more than the number of features

  warnings.warn(some_fits_failed_message, FitFailedWarning)
C:\Users\pbard\.conda\envs\transplantML\Lib\site-packages\sklearn\model_selection\_search.py:1052: UserWarning: One or more of the test scores are non-finite: [-514.32390799 -519.5266467  -430.26117607 -505.56685448           nan
           nan           nan]
  warnings.warn(
C:\Users\pbard\.conda\envs\transplantML\Lib\site-packages\sklearn\model_selection\_validation.py:540: FitFailedWarning: 
15 fits failed out of a total of 35.
The score on these train-test partitions for these parameters will be set to nan.
If these failures are not expected, you can try to debug them by setting error_score='raise'.

Below are more details about the failures:
--------------------------------------------------------------------------------
15 fits failed with the following error:
Traceback (most recent call last):
  File "C:\Users\pbard\.conda\envs\transplantML\Lib\site-packages\sklearn\model_selection\_validation.py", line 888, in _fit_and_score
    estimator.fit(X_train, y_train, **fit_params)
  File "C:\Users\pbard\.conda\envs\transplantML\Lib\site-packages\sklearn\base.py", line 1473, in wrapper
    return fit_method(estimator, *args, **kwargs)
           ^^^^^^^^^^^^^^^^^^^^^^^^^^^^^^^^^^^^^^
  File "C:\Users\pbard\.conda\envs\transplantML\Lib\site-packages\sklearn\linear_model\_omp.py", line 804, in fit
    coef_, self.n_iter_ = orthogonal_mp_gram(
                          ^^^^^^^^^^^^^^^^^^^
  File "C:\Users\pbard\.conda\envs\transplantML\Lib\site-packages\sklearn\utils\_param_validation.py", line 186, in wrapper
    return func(*args, **kwargs)
           ^^^^^^^^^^^^^^^^^^^^^
  File "C:\Users\pbard\.conda\envs\transplantML\Lib\site-packages\sklearn\linear_model\_omp.py", line 605, in orthogonal_mp_gram
    raise ValueError(
ValueError: The number of atoms cannot be more than the number of features

  warnings.warn(some_fits_failed_message, FitFailedWarning)
C:\Users\pbard\.conda\envs\transplantML\Lib\site-packages\sklearn\model_selection\_search.py:1052: UserWarning: One or more of the test scores are non-finite: [-481.05671452 -499.83809387 -433.26617617 -508.54204487           nan
           nan           nan]
  warnings.warn(
C:\Users\pbard\.conda\envs\transplantML\Lib\site-packages\sklearn\model_selection\_validation.py:540: FitFailedWarning: 
15 fits failed out of a total of 35.
The score on these train-test partitions for these parameters will be set to nan.
If these failures are not expected, you can try to debug them by setting error_score='raise'.

Below are more details about the failures:
--------------------------------------------------------------------------------
15 fits failed with the following error:
Traceback (most recent call last):
  File "C:\Users\pbard\.conda\envs\transplantML\Lib\site-packages\sklearn\model_selection\_validation.py", line 888, in _fit_and_score
    estimator.fit(X_train, y_train, **fit_params)
  File "C:\Users\pbard\.conda\envs\transplantML\Lib\site-packages\sklearn\base.py", line 1473, in wrapper
    return fit_method(estimator, *args, **kwargs)
           ^^^^^^^^^^^^^^^^^^^^^^^^^^^^^^^^^^^^^^
  File "C:\Users\pbard\.conda\envs\transplantML\Lib\site-packages\sklearn\linear_model\_omp.py", line 804, in fit
    coef_, self.n_iter_ = orthogonal_mp_gram(
                          ^^^^^^^^^^^^^^^^^^^
  File "C:\Users\pbard\.conda\envs\transplantML\Lib\site-packages\sklearn\utils\_param_validation.py", line 186, in wrapper
    return func(*args, **kwargs)
           ^^^^^^^^^^^^^^^^^^^^^
  File "C:\Users\pbard\.conda\envs\transplantML\Lib\site-packages\sklearn\linear_model\_omp.py", line 605, in orthogonal_mp_gram
    raise ValueError(
ValueError: The number of atoms cannot be more than the number of features

  warnings.warn(some_fits_failed_message, FitFailedWarning)
C:\Users\pbard\.conda\envs\transplantML\Lib\site-packages\sklearn\model_selection\_search.py:1052: UserWarning: One or more of the test scores are non-finite: [-464.85449787 -469.76588996 -442.88190675 -449.85232821           nan
           nan           nan]
  warnings.warn(
C:\Users\pbard\.conda\envs\transplantML\Lib\site-packages\sklearn\model_selection\_validation.py:540: FitFailedWarning: 
25 fits failed out of a total of 35.
The score on these train-test partitions for these parameters will be set to nan.
If these failures are not expected, you can try to debug them by setting error_score='raise'.

Below are more details about the failures:
--------------------------------------------------------------------------------
25 fits failed with the following error:
Traceback (most recent call last):
  File "C:\Users\pbard\.conda\envs\transplantML\Lib\site-packages\sklearn\model_selection\_validation.py", line 888, in _fit_and_score
    estimator.fit(X_train, y_train, **fit_params)
  File "C:\Users\pbard\.conda\envs\transplantML\Lib\site-packages\sklearn\base.py", line 1473, in wrapper
    return fit_method(estimator, *args, **kwargs)
           ^^^^^^^^^^^^^^^^^^^^^^^^^^^^^^^^^^^^^^
  File "C:\Users\pbard\.conda\envs\transplantML\Lib\site-packages\sklearn\linear_model\_omp.py", line 804, in fit
    coef_, self.n_iter_ = orthogonal_mp_gram(
                          ^^^^^^^^^^^^^^^^^^^
  File "C:\Users\pbard\.conda\envs\transplantML\Lib\site-packages\sklearn\utils\_param_validation.py", line 186, in wrapper
    return func(*args, **kwargs)
           ^^^^^^^^^^^^^^^^^^^^^
  File "C:\Users\pbard\.conda\envs\transplantML\Lib\site-packages\sklearn\linear_model\_omp.py", line 605, in orthogonal_mp_gram
    raise ValueError(
ValueError: The number of atoms cannot be more than the number of features

  warnings.warn(some_fits_failed_message, FitFailedWarning)
C:\Users\pbard\.conda\envs\transplantML\Lib\site-packages\sklearn\model_selection\_search.py:1052: UserWarning: One or more of the test scores are non-finite: [-453.32325053 -448.7052523            nan           nan           nan
           nan           nan]
  warnings.warn(
C:\Users\pbard\.conda\envs\transplantML\Lib\site-packages\sklearn\model_selection\_validation.py:540: FitFailedWarning: 
25 fits failed out of a total of 35.
The score on these train-test partitions for these parameters will be set to nan.
If these failures are not expected, you can try to debug them by setting error_score='raise'.

Below are more details about the failures:
--------------------------------------------------------------------------------
25 fits failed with the following error:
Traceback (most recent call last):
  File "C:\Users\pbard\.conda\envs\transplantML\Lib\site-packages\sklearn\model_selection\_validation.py", line 888, in _fit_and_score
    estimator.fit(X_train, y_train, **fit_params)
  File "C:\Users\pbard\.conda\envs\transplantML\Lib\site-packages\sklearn\base.py", line 1473, in wrapper
    return fit_method(estimator, *args, **kwargs)
           ^^^^^^^^^^^^^^^^^^^^^^^^^^^^^^^^^^^^^^
  File "C:\Users\pbard\.conda\envs\transplantML\Lib\site-packages\sklearn\linear_model\_omp.py", line 804, in fit
    coef_, self.n_iter_ = orthogonal_mp_gram(
                          ^^^^^^^^^^^^^^^^^^^
  File "C:\Users\pbard\.conda\envs\transplantML\Lib\site-packages\sklearn\utils\_param_validation.py", line 186, in wrapper
    return func(*args, **kwargs)
           ^^^^^^^^^^^^^^^^^^^^^
  File "C:\Users\pbard\.conda\envs\transplantML\Lib\site-packages\sklearn\linear_model\_omp.py", line 605, in orthogonal_mp_gram
    raise ValueError(
ValueError: The number of atoms cannot be more than the number of features

  warnings.warn(some_fits_failed_message, FitFailedWarning)
C:\Users\pbard\.conda\envs\transplantML\Lib\site-packages\sklearn\model_selection\_search.py:1052: UserWarning: One or more of the test scores are non-finite: [-433.64715189 -443.06348142           nan           nan           nan
           nan           nan]
  warnings.warn(
C:\Users\pbard\.conda\envs\transplantML\Lib\site-packages\sklearn\model_selection\_validation.py:540: FitFailedWarning: 
25 fits failed out of a total of 35.
The score on these train-test partitions for these parameters will be set to nan.
If these failures are not expected, you can try to debug them by setting error_score='raise'.

Below are more details about the failures:
--------------------------------------------------------------------------------
25 fits failed with the following error:
Traceback (most recent call last):
  File "C:\Users\pbard\.conda\envs\transplantML\Lib\site-packages\sklearn\model_selection\_validation.py", line 888, in _fit_and_score
    estimator.fit(X_train, y_train, **fit_params)
  File "C:\Users\pbard\.conda\envs\transplantML\Lib\site-packages\sklearn\base.py", line 1473, in wrapper
    return fit_method(estimator, *args, **kwargs)
           ^^^^^^^^^^^^^^^^^^^^^^^^^^^^^^^^^^^^^^
  File "C:\Users\pbard\.conda\envs\transplantML\Lib\site-packages\sklearn\linear_model\_omp.py", line 804, in fit
    coef_, self.n_iter_ = orthogonal_mp_gram(
                          ^^^^^^^^^^^^^^^^^^^
  File "C:\Users\pbard\.conda\envs\transplantML\Lib\site-packages\sklearn\utils\_param_validation.py", line 186, in wrapper
    return func(*args, **kwargs)
           ^^^^^^^^^^^^^^^^^^^^^
  File "C:\Users\pbard\.conda\envs\transplantML\Lib\site-packages\sklearn\linear_model\_omp.py", line 605, in orthogonal_mp_gram
    raise ValueError(
ValueError: The number of atoms cannot be more than the number of features

  warnings.warn(some_fits_failed_message, FitFailedWarning)
C:\Users\pbard\.conda\envs\transplantML\Lib\site-packages\sklearn\model_selection\_search.py:1052: UserWarning: One or more of the test scores are non-finite: [-446.91077275 -460.17067469           nan           nan           nan
           nan           nan]
  warnings.warn(
C:\Users\pbard\.conda\envs\transplantML\Lib\site-packages\sklearn\model_selection\_validation.py:540: FitFailedWarning: 
25 fits failed out of a total of 35.
The score on these train-test partitions for these parameters will be set to nan.
If these failures are not expected, you can try to debug them by setting error_score='raise'.

Below are more details about the failures:
--------------------------------------------------------------------------------
25 fits failed with the following error:
Traceback (most recent call last):
  File "C:\Users\pbard\.conda\envs\transplantML\Lib\site-packages\sklearn\model_selection\_validation.py", line 888, in _fit_and_score
    estimator.fit(X_train, y_train, **fit_params)
  File "C:\Users\pbard\.conda\envs\transplantML\Lib\site-packages\sklearn\base.py", line 1473, in wrapper
    return fit_method(estimator, *args, **kwargs)
           ^^^^^^^^^^^^^^^^^^^^^^^^^^^^^^^^^^^^^^
  File "C:\Users\pbard\.conda\envs\transplantML\Lib\site-packages\sklearn\linear_model\_omp.py", line 804, in fit
    coef_, self.n_iter_ = orthogonal_mp_gram(
                          ^^^^^^^^^^^^^^^^^^^
  File "C:\Users\pbard\.conda\envs\transplantML\Lib\site-packages\sklearn\utils\_param_validation.py", line 186, in wrapper
    return func(*args, **kwargs)
           ^^^^^^^^^^^^^^^^^^^^^
  File "C:\Users\pbard\.conda\envs\transplantML\Lib\site-packages\sklearn\linear_model\_omp.py", line 605, in orthogonal_mp_gram
    raise ValueError(
ValueError: The number of atoms cannot be more than the number of features

  warnings.warn(some_fits_failed_message, FitFailedWarning)
C:\Users\pbard\.conda\envs\transplantML\Lib\site-packages\sklearn\model_selection\_search.py:1052: UserWarning: One or more of the test scores are non-finite: [-307.4089152  -317.97734883           nan           nan           nan
           nan           nan]
  warnings.warn(
C:\Users\pbard\.conda\envs\transplantML\Lib\site-packages\sklearn\model_selection\_validation.py:540: FitFailedWarning: 
25 fits failed out of a total of 35.
The score on these train-test partitions for these parameters will be set to nan.
If these failures are not expected, you can try to debug them by setting error_score='raise'.

Below are more details about the failures:
--------------------------------------------------------------------------------
25 fits failed with the following error:
Traceback (most recent call last):
  File "C:\Users\pbard\.conda\envs\transplantML\Lib\site-packages\sklearn\model_selection\_validation.py", line 888, in _fit_and_score
    estimator.fit(X_train, y_train, **fit_params)
  File "C:\Users\pbard\.conda\envs\transplantML\Lib\site-packages\sklearn\base.py", line 1473, in wrapper
    return fit_method(estimator, *args, **kwargs)
           ^^^^^^^^^^^^^^^^^^^^^^^^^^^^^^^^^^^^^^
  File "C:\Users\pbard\.conda\envs\transplantML\Lib\site-packages\sklearn\linear_model\_omp.py", line 804, in fit
    coef_, self.n_iter_ = orthogonal_mp_gram(
                          ^^^^^^^^^^^^^^^^^^^
  File "C:\Users\pbard\.conda\envs\transplantML\Lib\site-packages\sklearn\utils\_param_validation.py", line 186, in wrapper
    return func(*args, **kwargs)
           ^^^^^^^^^^^^^^^^^^^^^
  File "C:\Users\pbard\.conda\envs\transplantML\Lib\site-packages\sklearn\linear_model\_omp.py", line 605, in orthogonal_mp_gram
    raise ValueError(
ValueError: The number of atoms cannot be more than the number of features

  warnings.warn(some_fits_failed_message, FitFailedWarning)
C:\Users\pbard\.conda\envs\transplantML\Lib\site-packages\sklearn\model_selection\_search.py:1052: UserWarning: One or more of the test scores are non-finite: [-455.88377659 -448.1217341            nan           nan           nan
           nan           nan]
  warnings.warn(
C:\Users\pbard\.conda\envs\transplantML\Lib\site-packages\sklearn\model_selection\_validation.py:540: FitFailedWarning: 
25 fits failed out of a total of 35.
The score on these train-test partitions for these parameters will be set to nan.
If these failures are not expected, you can try to debug them by setting error_score='raise'.

Below are more details about the failures:
--------------------------------------------------------------------------------
25 fits failed with the following error:
Traceback (most recent call last):
  File "C:\Users\pbard\.conda\envs\transplantML\Lib\site-packages\sklearn\model_selection\_validation.py", line 888, in _fit_and_score
    estimator.fit(X_train, y_train, **fit_params)
  File "C:\Users\pbard\.conda\envs\transplantML\Lib\site-packages\sklearn\base.py", line 1473, in wrapper
    return fit_method(estimator, *args, **kwargs)
           ^^^^^^^^^^^^^^^^^^^^^^^^^^^^^^^^^^^^^^
  File "C:\Users\pbard\.conda\envs\transplantML\Lib\site-packages\sklearn\linear_model\_omp.py", line 804, in fit
    coef_, self.n_iter_ = orthogonal_mp_gram(
                          ^^^^^^^^^^^^^^^^^^^
  File "C:\Users\pbard\.conda\envs\transplantML\Lib\site-packages\sklearn\utils\_param_validation.py", line 186, in wrapper
    return func(*args, **kwargs)
           ^^^^^^^^^^^^^^^^^^^^^
  File "C:\Users\pbard\.conda\envs\transplantML\Lib\site-packages\sklearn\linear_model\_omp.py", line 605, in orthogonal_mp_gram
    raise ValueError(
ValueError: The number of atoms cannot be more than the number of features

  warnings.warn(some_fits_failed_message, FitFailedWarning)
C:\Users\pbard\.conda\envs\transplantML\Lib\site-packages\sklearn\model_selection\_search.py:1052: UserWarning: One or more of the test scores are non-finite: [-349.81334089 -337.2895192            nan           nan           nan
           nan           nan]
  warnings.warn(
C:\Users\pbard\.conda\envs\transplantML\Lib\site-packages\sklearn\model_selection\_validation.py:540: FitFailedWarning: 
25 fits failed out of a total of 35.
The score on these train-test partitions for these parameters will be set to nan.
If these failures are not expected, you can try to debug them by setting error_score='raise'.

Below are more details about the failures:
--------------------------------------------------------------------------------
25 fits failed with the following error:
Traceback (most recent call last):
  File "C:\Users\pbard\.conda\envs\transplantML\Lib\site-packages\sklearn\model_selection\_validation.py", line 888, in _fit_and_score
    estimator.fit(X_train, y_train, **fit_params)
  File "C:\Users\pbard\.conda\envs\transplantML\Lib\site-packages\sklearn\base.py", line 1473, in wrapper
    return fit_method(estimator, *args, **kwargs)
           ^^^^^^^^^^^^^^^^^^^^^^^^^^^^^^^^^^^^^^
  File "C:\Users\pbard\.conda\envs\transplantML\Lib\site-packages\sklearn\linear_model\_omp.py", line 804, in fit
    coef_, self.n_iter_ = orthogonal_mp_gram(
                          ^^^^^^^^^^^^^^^^^^^
  File "C:\Users\pbard\.conda\envs\transplantML\Lib\site-packages\sklearn\utils\_param_validation.py", line 186, in wrapper
    return func(*args, **kwargs)
           ^^^^^^^^^^^^^^^^^^^^^
  File "C:\Users\pbard\.conda\envs\transplantML\Lib\site-packages\sklearn\linear_model\_omp.py", line 605, in orthogonal_mp_gram
    raise ValueError(
ValueError: The number of atoms cannot be more than the number of features

  warnings.warn(some_fits_failed_message, FitFailedWarning)
C:\Users\pbard\.conda\envs\transplantML\Lib\site-packages\sklearn\model_selection\_search.py:1052: UserWarning: One or more of the test scores are non-finite: [-437.72329895 -455.50089429           nan           nan           nan
           nan           nan]
  warnings.warn(
C:\Users\pbard\.conda\envs\transplantML\Lib\site-packages\sklearn\model_selection\_validation.py:540: FitFailedWarning: 
25 fits failed out of a total of 35.
The score on these train-test partitions for these parameters will be set to nan.
If these failures are not expected, you can try to debug them by setting error_score='raise'.

Below are more details about the failures:
--------------------------------------------------------------------------------
25 fits failed with the following error:
Traceback (most recent call last):
  File "C:\Users\pbard\.conda\envs\transplantML\Lib\site-packages\sklearn\model_selection\_validation.py", line 888, in _fit_and_score
    estimator.fit(X_train, y_train, **fit_params)
  File "C:\Users\pbard\.conda\envs\transplantML\Lib\site-packages\sklearn\base.py", line 1473, in wrapper
    return fit_method(estimator, *args, **kwargs)
           ^^^^^^^^^^^^^^^^^^^^^^^^^^^^^^^^^^^^^^
  File "C:\Users\pbard\.conda\envs\transplantML\Lib\site-packages\sklearn\linear_model\_omp.py", line 804, in fit
    coef_, self.n_iter_ = orthogonal_mp_gram(
                          ^^^^^^^^^^^^^^^^^^^
  File "C:\Users\pbard\.conda\envs\transplantML\Lib\site-packages\sklearn\utils\_param_validation.py", line 186, in wrapper
    return func(*args, **kwargs)
           ^^^^^^^^^^^^^^^^^^^^^
  File "C:\Users\pbard\.conda\envs\transplantML\Lib\site-packages\sklearn\linear_model\_omp.py", line 605, in orthogonal_mp_gram
    raise ValueError(
ValueError: The number of atoms cannot be more than the number of features

  warnings.warn(some_fits_failed_message, FitFailedWarning)
C:\Users\pbard\.conda\envs\transplantML\Lib\site-packages\sklearn\model_selection\_search.py:1052: UserWarning: One or more of the test scores are non-finite: [-480.49904029 -480.3230342            nan           nan           nan
           nan           nan]
  warnings.warn(
C:\Users\pbard\.conda\envs\transplantML\Lib\site-packages\sklearn\model_selection\_validation.py:540: FitFailedWarning: 
25 fits failed out of a total of 35.
The score on these train-test partitions for these parameters will be set to nan.
If these failures are not expected, you can try to debug them by setting error_score='raise'.

Below are more details about the failures:
--------------------------------------------------------------------------------
25 fits failed with the following error:
Traceback (most recent call last):
  File "C:\Users\pbard\.conda\envs\transplantML\Lib\site-packages\sklearn\model_selection\_validation.py", line 888, in _fit_and_score
    estimator.fit(X_train, y_train, **fit_params)
  File "C:\Users\pbard\.conda\envs\transplantML\Lib\site-packages\sklearn\base.py", line 1473, in wrapper
    return fit_method(estimator, *args, **kwargs)
           ^^^^^^^^^^^^^^^^^^^^^^^^^^^^^^^^^^^^^^
  File "C:\Users\pbard\.conda\envs\transplantML\Lib\site-packages\sklearn\linear_model\_omp.py", line 804, in fit
    coef_, self.n_iter_ = orthogonal_mp_gram(
                          ^^^^^^^^^^^^^^^^^^^
  File "C:\Users\pbard\.conda\envs\transplantML\Lib\site-packages\sklearn\utils\_param_validation.py", line 186, in wrapper
    return func(*args, **kwargs)
           ^^^^^^^^^^^^^^^^^^^^^
  File "C:\Users\pbard\.conda\envs\transplantML\Lib\site-packages\sklearn\linear_model\_omp.py", line 605, in orthogonal_mp_gram
    raise ValueError(
ValueError: The number of atoms cannot be more than the number of features

  warnings.warn(some_fits_failed_message, FitFailedWarning)
C:\Users\pbard\.conda\envs\transplantML\Lib\site-packages\sklearn\model_selection\_search.py:1052: UserWarning: One or more of the test scores are non-finite: [-374.38924012 -371.04300451           nan           nan           nan
           nan           nan]
  warnings.warn(
C:\Users\pbard\.conda\envs\transplantML\Lib\site-packages\sklearn\model_selection\_validation.py:540: FitFailedWarning: 
25 fits failed out of a total of 35.
The score on these train-test partitions for these parameters will be set to nan.
If these failures are not expected, you can try to debug them by setting error_score='raise'.

Below are more details about the failures:
--------------------------------------------------------------------------------
25 fits failed with the following error:
Traceback (most recent call last):
  File "C:\Users\pbard\.conda\envs\transplantML\Lib\site-packages\sklearn\model_selection\_validation.py", line 888, in _fit_and_score
    estimator.fit(X_train, y_train, **fit_params)
  File "C:\Users\pbard\.conda\envs\transplantML\Lib\site-packages\sklearn\base.py", line 1473, in wrapper
    return fit_method(estimator, *args, **kwargs)
           ^^^^^^^^^^^^^^^^^^^^^^^^^^^^^^^^^^^^^^
  File "C:\Users\pbard\.conda\envs\transplantML\Lib\site-packages\sklearn\linear_model\_omp.py", line 804, in fit
    coef_, self.n_iter_ = orthogonal_mp_gram(
                          ^^^^^^^^^^^^^^^^^^^
  File "C:\Users\pbard\.conda\envs\transplantML\Lib\site-packages\sklearn\utils\_param_validation.py", line 186, in wrapper
    return func(*args, **kwargs)
           ^^^^^^^^^^^^^^^^^^^^^
  File "C:\Users\pbard\.conda\envs\transplantML\Lib\site-packages\sklearn\linear_model\_omp.py", line 605, in orthogonal_mp_gram
    raise ValueError(
ValueError: The number of atoms cannot be more than the number of features

  warnings.warn(some_fits_failed_message, FitFailedWarning)
C:\Users\pbard\.conda\envs\transplantML\Lib\site-packages\sklearn\model_selection\_search.py:1052: UserWarning: One or more of the test scores are non-finite: [-414.55802721 -426.79766811           nan           nan           nan
           nan           nan]
  warnings.warn(
C:\Users\pbard\.conda\envs\transplantML\Lib\site-packages\sklearn\model_selection\_validation.py:540: FitFailedWarning: 
10 fits failed out of a total of 35.
The score on these train-test partitions for these parameters will be set to nan.
If these failures are not expected, you can try to debug them by setting error_score='raise'.

Below are more details about the failures:
--------------------------------------------------------------------------------
10 fits failed with the following error:
Traceback (most recent call last):
  File "C:\Users\pbard\.conda\envs\transplantML\Lib\site-packages\sklearn\model_selection\_validation.py", line 888, in _fit_and_score
    estimator.fit(X_train, y_train, **fit_params)
  File "C:\Users\pbard\.conda\envs\transplantML\Lib\site-packages\sklearn\base.py", line 1473, in wrapper
    return fit_method(estimator, *args, **kwargs)
           ^^^^^^^^^^^^^^^^^^^^^^^^^^^^^^^^^^^^^^
  File "C:\Users\pbard\.conda\envs\transplantML\Lib\site-packages\sklearn\linear_model\_omp.py", line 804, in fit
    coef_, self.n_iter_ = orthogonal_mp_gram(
                          ^^^^^^^^^^^^^^^^^^^
  File "C:\Users\pbard\.conda\envs\transplantML\Lib\site-packages\sklearn\utils\_param_validation.py", line 186, in wrapper
    return func(*args, **kwargs)
           ^^^^^^^^^^^^^^^^^^^^^
  File "C:\Users\pbard\.conda\envs\transplantML\Lib\site-packages\sklearn\linear_model\_omp.py", line 605, in orthogonal_mp_gram
    raise ValueError(
ValueError: The number of atoms cannot be more than the number of features

  warnings.warn(some_fits_failed_message, FitFailedWarning)
C:\Users\pbard\.conda\envs\transplantML\Lib\site-packages\sklearn\model_selection\_search.py:1052: UserWarning: One or more of the test scores are non-finite: [-600.5866194  -598.43677439 -342.24372751 -379.4163982  -443.79715629
           nan           nan]
  warnings.warn(
C:\Users\pbard\.conda\envs\transplantML\Lib\site-packages\sklearn\model_selection\_validation.py:540: FitFailedWarning: 
10 fits failed out of a total of 35.
The score on these train-test partitions for these parameters will be set to nan.
If these failures are not expected, you can try to debug them by setting error_score='raise'.

Below are more details about the failures:
--------------------------------------------------------------------------------
10 fits failed with the following error:
Traceback (most recent call last):
  File "C:\Users\pbard\.conda\envs\transplantML\Lib\site-packages\sklearn\model_selection\_validation.py", line 888, in _fit_and_score
    estimator.fit(X_train, y_train, **fit_params)
  File "C:\Users\pbard\.conda\envs\transplantML\Lib\site-packages\sklearn\base.py", line 1473, in wrapper
    return fit_method(estimator, *args, **kwargs)
           ^^^^^^^^^^^^^^^^^^^^^^^^^^^^^^^^^^^^^^
  File "C:\Users\pbard\.conda\envs\transplantML\Lib\site-packages\sklearn\linear_model\_omp.py", line 804, in fit
    coef_, self.n_iter_ = orthogonal_mp_gram(
                          ^^^^^^^^^^^^^^^^^^^
  File "C:\Users\pbard\.conda\envs\transplantML\Lib\site-packages\sklearn\utils\_param_validation.py", line 186, in wrapper
    return func(*args, **kwargs)
           ^^^^^^^^^^^^^^^^^^^^^
  File "C:\Users\pbard\.conda\envs\transplantML\Lib\site-packages\sklearn\linear_model\_omp.py", line 605, in orthogonal_mp_gram
    raise ValueError(
ValueError: The number of atoms cannot be more than the number of features

  warnings.warn(some_fits_failed_message, FitFailedWarning)
C:\Users\pbard\.conda\envs\transplantML\Lib\site-packages\sklearn\model_selection\_search.py:1052: UserWarning: One or more of the test scores are non-finite: [-674.5520916  -630.35888926 -333.22575791 -332.55430065 -358.45177891
           nan           nan]
  warnings.warn(
C:\Users\pbard\.conda\envs\transplantML\Lib\site-packages\sklearn\model_selection\_validation.py:540: FitFailedWarning: 
10 fits failed out of a total of 35.
The score on these train-test partitions for these parameters will be set to nan.
If these failures are not expected, you can try to debug them by setting error_score='raise'.

Below are more details about the failures:
--------------------------------------------------------------------------------
10 fits failed with the following error:
Traceback (most recent call last):
  File "C:\Users\pbard\.conda\envs\transplantML\Lib\site-packages\sklearn\model_selection\_validation.py", line 888, in _fit_and_score
    estimator.fit(X_train, y_train, **fit_params)
  File "C:\Users\pbard\.conda\envs\transplantML\Lib\site-packages\sklearn\base.py", line 1473, in wrapper
    return fit_method(estimator, *args, **kwargs)
           ^^^^^^^^^^^^^^^^^^^^^^^^^^^^^^^^^^^^^^
  File "C:\Users\pbard\.conda\envs\transplantML\Lib\site-packages\sklearn\linear_model\_omp.py", line 804, in fit
    coef_, self.n_iter_ = orthogonal_mp_gram(
                          ^^^^^^^^^^^^^^^^^^^
  File "C:\Users\pbard\.conda\envs\transplantML\Lib\site-packages\sklearn\utils\_param_validation.py", line 186, in wrapper
    return func(*args, **kwargs)
           ^^^^^^^^^^^^^^^^^^^^^
  File "C:\Users\pbard\.conda\envs\transplantML\Lib\site-packages\sklearn\linear_model\_omp.py", line 605, in orthogonal_mp_gram
    raise ValueError(
ValueError: The number of atoms cannot be more than the number of features

  warnings.warn(some_fits_failed_message, FitFailedWarning)
C:\Users\pbard\.conda\envs\transplantML\Lib\site-packages\sklearn\model_selection\_search.py:1052: UserWarning: One or more of the test scores are non-finite: [-519.23815048 -534.74188585 -297.30771029 -312.40129363 -416.22719383
           nan           nan]
  warnings.warn(
C:\Users\pbard\.conda\envs\transplantML\Lib\site-packages\sklearn\model_selection\_validation.py:540: FitFailedWarning: 
10 fits failed out of a total of 35.
The score on these train-test partitions for these parameters will be set to nan.
If these failures are not expected, you can try to debug them by setting error_score='raise'.

Below are more details about the failures:
--------------------------------------------------------------------------------
10 fits failed with the following error:
Traceback (most recent call last):
  File "C:\Users\pbard\.conda\envs\transplantML\Lib\site-packages\sklearn\model_selection\_validation.py", line 888, in _fit_and_score
    estimator.fit(X_train, y_train, **fit_params)
  File "C:\Users\pbard\.conda\envs\transplantML\Lib\site-packages\sklearn\base.py", line 1473, in wrapper
    return fit_method(estimator, *args, **kwargs)
           ^^^^^^^^^^^^^^^^^^^^^^^^^^^^^^^^^^^^^^
  File "C:\Users\pbard\.conda\envs\transplantML\Lib\site-packages\sklearn\linear_model\_omp.py", line 804, in fit
    coef_, self.n_iter_ = orthogonal_mp_gram(
                          ^^^^^^^^^^^^^^^^^^^
  File "C:\Users\pbard\.conda\envs\transplantML\Lib\site-packages\sklearn\utils\_param_validation.py", line 186, in wrapper
    return func(*args, **kwargs)
           ^^^^^^^^^^^^^^^^^^^^^
  File "C:\Users\pbard\.conda\envs\transplantML\Lib\site-packages\sklearn\linear_model\_omp.py", line 605, in orthogonal_mp_gram
    raise ValueError(
ValueError: The number of atoms cannot be more than the number of features

  warnings.warn(some_fits_failed_message, FitFailedWarning)
C:\Users\pbard\.conda\envs\transplantML\Lib\site-packages\sklearn\model_selection\_search.py:1052: UserWarning: One or more of the test scores are non-finite: [-655.57714466 -637.69832726 -323.99323199 -380.83960038 -446.89380175
           nan           nan]
  warnings.warn(
C:\Users\pbard\.conda\envs\transplantML\Lib\site-packages\sklearn\model_selection\_validation.py:540: FitFailedWarning: 
10 fits failed out of a total of 35.
The score on these train-test partitions for these parameters will be set to nan.
If these failures are not expected, you can try to debug them by setting error_score='raise'.

Below are more details about the failures:
--------------------------------------------------------------------------------
10 fits failed with the following error:
Traceback (most recent call last):
  File "C:\Users\pbard\.conda\envs\transplantML\Lib\site-packages\sklearn\model_selection\_validation.py", line 888, in _fit_and_score
    estimator.fit(X_train, y_train, **fit_params)
  File "C:\Users\pbard\.conda\envs\transplantML\Lib\site-packages\sklearn\base.py", line 1473, in wrapper
    return fit_method(estimator, *args, **kwargs)
           ^^^^^^^^^^^^^^^^^^^^^^^^^^^^^^^^^^^^^^
  File "C:\Users\pbard\.conda\envs\transplantML\Lib\site-packages\sklearn\linear_model\_omp.py", line 804, in fit
    coef_, self.n_iter_ = orthogonal_mp_gram(
                          ^^^^^^^^^^^^^^^^^^^
  File "C:\Users\pbard\.conda\envs\transplantML\Lib\site-packages\sklearn\utils\_param_validation.py", line 186, in wrapper
    return func(*args, **kwargs)
           ^^^^^^^^^^^^^^^^^^^^^
  File "C:\Users\pbard\.conda\envs\transplantML\Lib\site-packages\sklearn\linear_model\_omp.py", line 605, in orthogonal_mp_gram
    raise ValueError(
ValueError: The number of atoms cannot be more than the number of features

  warnings.warn(some_fits_failed_message, FitFailedWarning)
C:\Users\pbard\.conda\envs\transplantML\Lib\site-packages\sklearn\model_selection\_search.py:1052: UserWarning: One or more of the test scores are non-finite: [-444.53590803 -464.56188755 -277.08735696 -333.03780827 -374.6715622
           nan           nan]
  warnings.warn(
C:\Users\pbard\.conda\envs\transplantML\Lib\site-packages\sklearn\model_selection\_validation.py:540: FitFailedWarning: 
10 fits failed out of a total of 35.
The score on these train-test partitions for these parameters will be set to nan.
If these failures are not expected, you can try to debug them by setting error_score='raise'.

Below are more details about the failures:
--------------------------------------------------------------------------------
10 fits failed with the following error:
Traceback (most recent call last):
  File "C:\Users\pbard\.conda\envs\transplantML\Lib\site-packages\sklearn\model_selection\_validation.py", line 888, in _fit_and_score
    estimator.fit(X_train, y_train, **fit_params)
  File "C:\Users\pbard\.conda\envs\transplantML\Lib\site-packages\sklearn\base.py", line 1473, in wrapper
    return fit_method(estimator, *args, **kwargs)
           ^^^^^^^^^^^^^^^^^^^^^^^^^^^^^^^^^^^^^^
  File "C:\Users\pbard\.conda\envs\transplantML\Lib\site-packages\sklearn\linear_model\_omp.py", line 804, in fit
    coef_, self.n_iter_ = orthogonal_mp_gram(
                          ^^^^^^^^^^^^^^^^^^^
  File "C:\Users\pbard\.conda\envs\transplantML\Lib\site-packages\sklearn\utils\_param_validation.py", line 186, in wrapper
    return func(*args, **kwargs)
           ^^^^^^^^^^^^^^^^^^^^^
  File "C:\Users\pbard\.conda\envs\transplantML\Lib\site-packages\sklearn\linear_model\_omp.py", line 605, in orthogonal_mp_gram
    raise ValueError(
ValueError: The number of atoms cannot be more than the number of features

  warnings.warn(some_fits_failed_message, FitFailedWarning)
C:\Users\pbard\.conda\envs\transplantML\Lib\site-packages\sklearn\model_selection\_search.py:1052: UserWarning: One or more of the test scores are non-finite: [-581.86882707 -542.56720852 -286.30887936 -329.12141509 -363.31514942
           nan           nan]
  warnings.warn(
C:\Users\pbard\.conda\envs\transplantML\Lib\site-packages\sklearn\model_selection\_validation.py:540: FitFailedWarning: 
10 fits failed out of a total of 35.
The score on these train-test partitions for these parameters will be set to nan.
If these failures are not expected, you can try to debug them by setting error_score='raise'.

Below are more details about the failures:
--------------------------------------------------------------------------------
10 fits failed with the following error:
Traceback (most recent call last):
  File "C:\Users\pbard\.conda\envs\transplantML\Lib\site-packages\sklearn\model_selection\_validation.py", line 888, in _fit_and_score
    estimator.fit(X_train, y_train, **fit_params)
  File "C:\Users\pbard\.conda\envs\transplantML\Lib\site-packages\sklearn\base.py", line 1473, in wrapper
    return fit_method(estimator, *args, **kwargs)
           ^^^^^^^^^^^^^^^^^^^^^^^^^^^^^^^^^^^^^^
  File "C:\Users\pbard\.conda\envs\transplantML\Lib\site-packages\sklearn\linear_model\_omp.py", line 804, in fit
    coef_, self.n_iter_ = orthogonal_mp_gram(
                          ^^^^^^^^^^^^^^^^^^^
  File "C:\Users\pbard\.conda\envs\transplantML\Lib\site-packages\sklearn\utils\_param_validation.py", line 186, in wrapper
    return func(*args, **kwargs)
           ^^^^^^^^^^^^^^^^^^^^^
  File "C:\Users\pbard\.conda\envs\transplantML\Lib\site-packages\sklearn\linear_model\_omp.py", line 605, in orthogonal_mp_gram
    raise ValueError(
ValueError: The number of atoms cannot be more than the number of features

  warnings.warn(some_fits_failed_message, FitFailedWarning)
C:\Users\pbard\.conda\envs\transplantML\Lib\site-packages\sklearn\model_selection\_search.py:1052: UserWarning: One or more of the test scores are non-finite: [-619.17601248 -610.86428817 -353.10778869 -337.48080493 -433.79484612
           nan           nan]
  warnings.warn(
C:\Users\pbard\.conda\envs\transplantML\Lib\site-packages\sklearn\model_selection\_validation.py:540: FitFailedWarning: 
10 fits failed out of a total of 35.
The score on these train-test partitions for these parameters will be set to nan.
If these failures are not expected, you can try to debug them by setting error_score='raise'.

Below are more details about the failures:
--------------------------------------------------------------------------------
10 fits failed with the following error:
Traceback (most recent call last):
  File "C:\Users\pbard\.conda\envs\transplantML\Lib\site-packages\sklearn\model_selection\_validation.py", line 888, in _fit_and_score
    estimator.fit(X_train, y_train, **fit_params)
  File "C:\Users\pbard\.conda\envs\transplantML\Lib\site-packages\sklearn\base.py", line 1473, in wrapper
    return fit_method(estimator, *args, **kwargs)
           ^^^^^^^^^^^^^^^^^^^^^^^^^^^^^^^^^^^^^^
  File "C:\Users\pbard\.conda\envs\transplantML\Lib\site-packages\sklearn\linear_model\_omp.py", line 804, in fit
    coef_, self.n_iter_ = orthogonal_mp_gram(
                          ^^^^^^^^^^^^^^^^^^^
  File "C:\Users\pbard\.conda\envs\transplantML\Lib\site-packages\sklearn\utils\_param_validation.py", line 186, in wrapper
    return func(*args, **kwargs)
           ^^^^^^^^^^^^^^^^^^^^^
  File "C:\Users\pbard\.conda\envs\transplantML\Lib\site-packages\sklearn\linear_model\_omp.py", line 605, in orthogonal_mp_gram
    raise ValueError(
ValueError: The number of atoms cannot be more than the number of features

  warnings.warn(some_fits_failed_message, FitFailedWarning)
C:\Users\pbard\.conda\envs\transplantML\Lib\site-packages\sklearn\model_selection\_search.py:1052: UserWarning: One or more of the test scores are non-finite: [-476.27517753 -491.57809642 -326.04363072 -412.40965968 -389.86603734
           nan           nan]
  warnings.warn(
C:\Users\pbard\.conda\envs\transplantML\Lib\site-packages\sklearn\model_selection\_validation.py:540: FitFailedWarning: 
10 fits failed out of a total of 35.
The score on these train-test partitions for these parameters will be set to nan.
If these failures are not expected, you can try to debug them by setting error_score='raise'.

Below are more details about the failures:
--------------------------------------------------------------------------------
10 fits failed with the following error:
Traceback (most recent call last):
  File "C:\Users\pbard\.conda\envs\transplantML\Lib\site-packages\sklearn\model_selection\_validation.py", line 888, in _fit_and_score
    estimator.fit(X_train, y_train, **fit_params)
  File "C:\Users\pbard\.conda\envs\transplantML\Lib\site-packages\sklearn\base.py", line 1473, in wrapper
    return fit_method(estimator, *args, **kwargs)
           ^^^^^^^^^^^^^^^^^^^^^^^^^^^^^^^^^^^^^^
  File "C:\Users\pbard\.conda\envs\transplantML\Lib\site-packages\sklearn\linear_model\_omp.py", line 804, in fit
    coef_, self.n_iter_ = orthogonal_mp_gram(
                          ^^^^^^^^^^^^^^^^^^^
  File "C:\Users\pbard\.conda\envs\transplantML\Lib\site-packages\sklearn\utils\_param_validation.py", line 186, in wrapper
    return func(*args, **kwargs)
           ^^^^^^^^^^^^^^^^^^^^^
  File "C:\Users\pbard\.conda\envs\transplantML\Lib\site-packages\sklearn\linear_model\_omp.py", line 605, in orthogonal_mp_gram
    raise ValueError(
ValueError: The number of atoms cannot be more than the number of features

  warnings.warn(some_fits_failed_message, FitFailedWarning)
C:\Users\pbard\.conda\envs\transplantML\Lib\site-packages\sklearn\model_selection\_search.py:1052: UserWarning: One or more of the test scores are non-finite: [-619.64896903 -606.34007246 -293.26079756 -315.43253236 -469.75707
           nan           nan]
  warnings.warn(
C:\Users\pbard\.conda\envs\transplantML\Lib\site-packages\sklearn\model_selection\_validation.py:540: FitFailedWarning: 
10 fits failed out of a total of 35.
The score on these train-test partitions for these parameters will be set to nan.
If these failures are not expected, you can try to debug them by setting error_score='raise'.

Below are more details about the failures:
--------------------------------------------------------------------------------
10 fits failed with the following error:
Traceback (most recent call last):
  File "C:\Users\pbard\.conda\envs\transplantML\Lib\site-packages\sklearn\model_selection\_validation.py", line 888, in _fit_and_score
    estimator.fit(X_train, y_train, **fit_params)
  File "C:\Users\pbard\.conda\envs\transplantML\Lib\site-packages\sklearn\base.py", line 1473, in wrapper
    return fit_method(estimator, *args, **kwargs)
           ^^^^^^^^^^^^^^^^^^^^^^^^^^^^^^^^^^^^^^
  File "C:\Users\pbard\.conda\envs\transplantML\Lib\site-packages\sklearn\linear_model\_omp.py", line 804, in fit
    coef_, self.n_iter_ = orthogonal_mp_gram(
                          ^^^^^^^^^^^^^^^^^^^
  File "C:\Users\pbard\.conda\envs\transplantML\Lib\site-packages\sklearn\utils\_param_validation.py", line 186, in wrapper
    return func(*args, **kwargs)
           ^^^^^^^^^^^^^^^^^^^^^
  File "C:\Users\pbard\.conda\envs\transplantML\Lib\site-packages\sklearn\linear_model\_omp.py", line 605, in orthogonal_mp_gram
    raise ValueError(
ValueError: The number of atoms cannot be more than the number of features

  warnings.warn(some_fits_failed_message, FitFailedWarning)
C:\Users\pbard\.conda\envs\transplantML\Lib\site-packages\sklearn\model_selection\_search.py:1052: UserWarning: One or more of the test scores are non-finite: [-553.52223007 -575.34721107 -315.39897171 -370.87675042 -470.06672023
           nan           nan]
  warnings.warn(
C:\Users\pbard\.conda\envs\transplantML\Lib\site-packages\sklearn\model_selection\_validation.py:540: FitFailedWarning: 
15 fits failed out of a total of 35.
The score on these train-test partitions for these parameters will be set to nan.
If these failures are not expected, you can try to debug them by setting error_score='raise'.

Below are more details about the failures:
--------------------------------------------------------------------------------
15 fits failed with the following error:
Traceback (most recent call last):
  File "C:\Users\pbard\.conda\envs\transplantML\Lib\site-packages\sklearn\model_selection\_validation.py", line 888, in _fit_and_score
    estimator.fit(X_train, y_train, **fit_params)
  File "C:\Users\pbard\.conda\envs\transplantML\Lib\site-packages\sklearn\base.py", line 1473, in wrapper
    return fit_method(estimator, *args, **kwargs)
           ^^^^^^^^^^^^^^^^^^^^^^^^^^^^^^^^^^^^^^
  File "C:\Users\pbard\.conda\envs\transplantML\Lib\site-packages\sklearn\linear_model\_omp.py", line 804, in fit
    coef_, self.n_iter_ = orthogonal_mp_gram(
                          ^^^^^^^^^^^^^^^^^^^
  File "C:\Users\pbard\.conda\envs\transplantML\Lib\site-packages\sklearn\utils\_param_validation.py", line 186, in wrapper
    return func(*args, **kwargs)
           ^^^^^^^^^^^^^^^^^^^^^
  File "C:\Users\pbard\.conda\envs\transplantML\Lib\site-packages\sklearn\linear_model\_omp.py", line 605, in orthogonal_mp_gram
    raise ValueError(
ValueError: The number of atoms cannot be more than the number of features

  warnings.warn(some_fits_failed_message, FitFailedWarning)
C:\Users\pbard\.conda\envs\transplantML\Lib\site-packages\sklearn\model_selection\_search.py:1052: UserWarning: One or more of the test scores are non-finite: [-600.5866194  -598.43677439 -333.97986921 -371.10762686           nan
           nan           nan]
  warnings.warn(
C:\Users\pbard\.conda\envs\transplantML\Lib\site-packages\sklearn\model_selection\_validation.py:540: FitFailedWarning: 
15 fits failed out of a total of 35.
The score on these train-test partitions for these parameters will be set to nan.
If these failures are not expected, you can try to debug them by setting error_score='raise'.

Below are more details about the failures:
--------------------------------------------------------------------------------
15 fits failed with the following error:
Traceback (most recent call last):
  File "C:\Users\pbard\.conda\envs\transplantML\Lib\site-packages\sklearn\model_selection\_validation.py", line 888, in _fit_and_score
    estimator.fit(X_train, y_train, **fit_params)
  File "C:\Users\pbard\.conda\envs\transplantML\Lib\site-packages\sklearn\base.py", line 1473, in wrapper
    return fit_method(estimator, *args, **kwargs)
           ^^^^^^^^^^^^^^^^^^^^^^^^^^^^^^^^^^^^^^
  File "C:\Users\pbard\.conda\envs\transplantML\Lib\site-packages\sklearn\linear_model\_omp.py", line 804, in fit
    coef_, self.n_iter_ = orthogonal_mp_gram(
                          ^^^^^^^^^^^^^^^^^^^
  File "C:\Users\pbard\.conda\envs\transplantML\Lib\site-packages\sklearn\utils\_param_validation.py", line 186, in wrapper
    return func(*args, **kwargs)
           ^^^^^^^^^^^^^^^^^^^^^
  File "C:\Users\pbard\.conda\envs\transplantML\Lib\site-packages\sklearn\linear_model\_omp.py", line 605, in orthogonal_mp_gram
    raise ValueError(
ValueError: The number of atoms cannot be more than the number of features

  warnings.warn(some_fits_failed_message, FitFailedWarning)
C:\Users\pbard\.conda\envs\transplantML\Lib\site-packages\sklearn\model_selection\_search.py:1052: UserWarning: One or more of the test scores are non-finite: [-674.5520916  -630.35888926 -346.50925479 -357.39131037           nan
           nan           nan]
  warnings.warn(
C:\Users\pbard\.conda\envs\transplantML\Lib\site-packages\sklearn\model_selection\_validation.py:540: FitFailedWarning: 
15 fits failed out of a total of 35.
The score on these train-test partitions for these parameters will be set to nan.
If these failures are not expected, you can try to debug them by setting error_score='raise'.

Below are more details about the failures:
--------------------------------------------------------------------------------
15 fits failed with the following error:
Traceback (most recent call last):
  File "C:\Users\pbard\.conda\envs\transplantML\Lib\site-packages\sklearn\model_selection\_validation.py", line 888, in _fit_and_score
    estimator.fit(X_train, y_train, **fit_params)
  File "C:\Users\pbard\.conda\envs\transplantML\Lib\site-packages\sklearn\base.py", line 1473, in wrapper
    return fit_method(estimator, *args, **kwargs)
           ^^^^^^^^^^^^^^^^^^^^^^^^^^^^^^^^^^^^^^
  File "C:\Users\pbard\.conda\envs\transplantML\Lib\site-packages\sklearn\linear_model\_omp.py", line 804, in fit
    coef_, self.n_iter_ = orthogonal_mp_gram(
                          ^^^^^^^^^^^^^^^^^^^
  File "C:\Users\pbard\.conda\envs\transplantML\Lib\site-packages\sklearn\utils\_param_validation.py", line 186, in wrapper
    return func(*args, **kwargs)
           ^^^^^^^^^^^^^^^^^^^^^
  File "C:\Users\pbard\.conda\envs\transplantML\Lib\site-packages\sklearn\linear_model\_omp.py", line 605, in orthogonal_mp_gram
    raise ValueError(
ValueError: The number of atoms cannot be more than the number of features

  warnings.warn(some_fits_failed_message, FitFailedWarning)
C:\Users\pbard\.conda\envs\transplantML\Lib\site-packages\sklearn\model_selection\_search.py:1052: UserWarning: One or more of the test scores are non-finite: [-519.23815048 -534.74188585 -298.35991621 -348.30336519           nan
           nan           nan]
  warnings.warn(
C:\Users\pbard\.conda\envs\transplantML\Lib\site-packages\sklearn\model_selection\_validation.py:540: FitFailedWarning: 
15 fits failed out of a total of 35.
The score on these train-test partitions for these parameters will be set to nan.
If these failures are not expected, you can try to debug them by setting error_score='raise'.

Below are more details about the failures:
--------------------------------------------------------------------------------
15 fits failed with the following error:
Traceback (most recent call last):
  File "C:\Users\pbard\.conda\envs\transplantML\Lib\site-packages\sklearn\model_selection\_validation.py", line 888, in _fit_and_score
    estimator.fit(X_train, y_train, **fit_params)
  File "C:\Users\pbard\.conda\envs\transplantML\Lib\site-packages\sklearn\base.py", line 1473, in wrapper
    return fit_method(estimator, *args, **kwargs)
           ^^^^^^^^^^^^^^^^^^^^^^^^^^^^^^^^^^^^^^
  File "C:\Users\pbard\.conda\envs\transplantML\Lib\site-packages\sklearn\linear_model\_omp.py", line 804, in fit
    coef_, self.n_iter_ = orthogonal_mp_gram(
                          ^^^^^^^^^^^^^^^^^^^
  File "C:\Users\pbard\.conda\envs\transplantML\Lib\site-packages\sklearn\utils\_param_validation.py", line 186, in wrapper
    return func(*args, **kwargs)
           ^^^^^^^^^^^^^^^^^^^^^
  File "C:\Users\pbard\.conda\envs\transplantML\Lib\site-packages\sklearn\linear_model\_omp.py", line 605, in orthogonal_mp_gram
    raise ValueError(
ValueError: The number of atoms cannot be more than the number of features

  warnings.warn(some_fits_failed_message, FitFailedWarning)
C:\Users\pbard\.conda\envs\transplantML\Lib\site-packages\sklearn\model_selection\_search.py:1052: UserWarning: One or more of the test scores are non-finite: [-655.57714466 -637.69832726 -332.16680164 -343.2889419            nan
           nan           nan]
  warnings.warn(
C:\Users\pbard\.conda\envs\transplantML\Lib\site-packages\sklearn\model_selection\_validation.py:540: FitFailedWarning: 
15 fits failed out of a total of 35.
The score on these train-test partitions for these parameters will be set to nan.
If these failures are not expected, you can try to debug them by setting error_score='raise'.

Below are more details about the failures:
--------------------------------------------------------------------------------
15 fits failed with the following error:
Traceback (most recent call last):
  File "C:\Users\pbard\.conda\envs\transplantML\Lib\site-packages\sklearn\model_selection\_validation.py", line 888, in _fit_and_score
    estimator.fit(X_train, y_train, **fit_params)
  File "C:\Users\pbard\.conda\envs\transplantML\Lib\site-packages\sklearn\base.py", line 1473, in wrapper
    return fit_method(estimator, *args, **kwargs)
           ^^^^^^^^^^^^^^^^^^^^^^^^^^^^^^^^^^^^^^
  File "C:\Users\pbard\.conda\envs\transplantML\Lib\site-packages\sklearn\linear_model\_omp.py", line 804, in fit
    coef_, self.n_iter_ = orthogonal_mp_gram(
                          ^^^^^^^^^^^^^^^^^^^
  File "C:\Users\pbard\.conda\envs\transplantML\Lib\site-packages\sklearn\utils\_param_validation.py", line 186, in wrapper
    return func(*args, **kwargs)
           ^^^^^^^^^^^^^^^^^^^^^
  File "C:\Users\pbard\.conda\envs\transplantML\Lib\site-packages\sklearn\linear_model\_omp.py", line 605, in orthogonal_mp_gram
    raise ValueError(
ValueError: The number of atoms cannot be more than the number of features

  warnings.warn(some_fits_failed_message, FitFailedWarning)
C:\Users\pbard\.conda\envs\transplantML\Lib\site-packages\sklearn\model_selection\_search.py:1052: UserWarning: One or more of the test scores are non-finite: [-444.53590803 -464.56188755 -273.48691606 -311.99029442           nan
           nan           nan]
  warnings.warn(
C:\Users\pbard\.conda\envs\transplantML\Lib\site-packages\sklearn\model_selection\_validation.py:540: FitFailedWarning: 
15 fits failed out of a total of 35.
The score on these train-test partitions for these parameters will be set to nan.
If these failures are not expected, you can try to debug them by setting error_score='raise'.

Below are more details about the failures:
--------------------------------------------------------------------------------
15 fits failed with the following error:
Traceback (most recent call last):
  File "C:\Users\pbard\.conda\envs\transplantML\Lib\site-packages\sklearn\model_selection\_validation.py", line 888, in _fit_and_score
    estimator.fit(X_train, y_train, **fit_params)
  File "C:\Users\pbard\.conda\envs\transplantML\Lib\site-packages\sklearn\base.py", line 1473, in wrapper
    return fit_method(estimator, *args, **kwargs)
           ^^^^^^^^^^^^^^^^^^^^^^^^^^^^^^^^^^^^^^
  File "C:\Users\pbard\.conda\envs\transplantML\Lib\site-packages\sklearn\linear_model\_omp.py", line 804, in fit
    coef_, self.n_iter_ = orthogonal_mp_gram(
                          ^^^^^^^^^^^^^^^^^^^
  File "C:\Users\pbard\.conda\envs\transplantML\Lib\site-packages\sklearn\utils\_param_validation.py", line 186, in wrapper
    return func(*args, **kwargs)
           ^^^^^^^^^^^^^^^^^^^^^
  File "C:\Users\pbard\.conda\envs\transplantML\Lib\site-packages\sklearn\linear_model\_omp.py", line 605, in orthogonal_mp_gram
    raise ValueError(
ValueError: The number of atoms cannot be more than the number of features

  warnings.warn(some_fits_failed_message, FitFailedWarning)
C:\Users\pbard\.conda\envs\transplantML\Lib\site-packages\sklearn\model_selection\_search.py:1052: UserWarning: One or more of the test scores are non-finite: [-581.86882707 -542.56720852 -279.9689074  -329.00853466           nan
           nan           nan]
  warnings.warn(
C:\Users\pbard\.conda\envs\transplantML\Lib\site-packages\sklearn\model_selection\_validation.py:540: FitFailedWarning: 
15 fits failed out of a total of 35.
The score on these train-test partitions for these parameters will be set to nan.
If these failures are not expected, you can try to debug them by setting error_score='raise'.

Below are more details about the failures:
--------------------------------------------------------------------------------
15 fits failed with the following error:
Traceback (most recent call last):
  File "C:\Users\pbard\.conda\envs\transplantML\Lib\site-packages\sklearn\model_selection\_validation.py", line 888, in _fit_and_score
    estimator.fit(X_train, y_train, **fit_params)
  File "C:\Users\pbard\.conda\envs\transplantML\Lib\site-packages\sklearn\base.py", line 1473, in wrapper
    return fit_method(estimator, *args, **kwargs)
           ^^^^^^^^^^^^^^^^^^^^^^^^^^^^^^^^^^^^^^
  File "C:\Users\pbard\.conda\envs\transplantML\Lib\site-packages\sklearn\linear_model\_omp.py", line 804, in fit
    coef_, self.n_iter_ = orthogonal_mp_gram(
                          ^^^^^^^^^^^^^^^^^^^
  File "C:\Users\pbard\.conda\envs\transplantML\Lib\site-packages\sklearn\utils\_param_validation.py", line 186, in wrapper
    return func(*args, **kwargs)
           ^^^^^^^^^^^^^^^^^^^^^
  File "C:\Users\pbard\.conda\envs\transplantML\Lib\site-packages\sklearn\linear_model\_omp.py", line 605, in orthogonal_mp_gram
    raise ValueError(
ValueError: The number of atoms cannot be more than the number of features

  warnings.warn(some_fits_failed_message, FitFailedWarning)
C:\Users\pbard\.conda\envs\transplantML\Lib\site-packages\sklearn\model_selection\_search.py:1052: UserWarning: One or more of the test scores are non-finite: [-619.17601248 -610.86428817 -344.9841696  -370.64113901           nan
           nan           nan]
  warnings.warn(
C:\Users\pbard\.conda\envs\transplantML\Lib\site-packages\sklearn\model_selection\_validation.py:540: FitFailedWarning: 
15 fits failed out of a total of 35.
The score on these train-test partitions for these parameters will be set to nan.
If these failures are not expected, you can try to debug them by setting error_score='raise'.

Below are more details about the failures:
--------------------------------------------------------------------------------
15 fits failed with the following error:
Traceback (most recent call last):
  File "C:\Users\pbard\.conda\envs\transplantML\Lib\site-packages\sklearn\model_selection\_validation.py", line 888, in _fit_and_score
    estimator.fit(X_train, y_train, **fit_params)
  File "C:\Users\pbard\.conda\envs\transplantML\Lib\site-packages\sklearn\base.py", line 1473, in wrapper
    return fit_method(estimator, *args, **kwargs)
           ^^^^^^^^^^^^^^^^^^^^^^^^^^^^^^^^^^^^^^
  File "C:\Users\pbard\.conda\envs\transplantML\Lib\site-packages\sklearn\linear_model\_omp.py", line 804, in fit
    coef_, self.n_iter_ = orthogonal_mp_gram(
                          ^^^^^^^^^^^^^^^^^^^
  File "C:\Users\pbard\.conda\envs\transplantML\Lib\site-packages\sklearn\utils\_param_validation.py", line 186, in wrapper
    return func(*args, **kwargs)
           ^^^^^^^^^^^^^^^^^^^^^
  File "C:\Users\pbard\.conda\envs\transplantML\Lib\site-packages\sklearn\linear_model\_omp.py", line 605, in orthogonal_mp_gram
    raise ValueError(
ValueError: The number of atoms cannot be more than the number of features

  warnings.warn(some_fits_failed_message, FitFailedWarning)
C:\Users\pbard\.conda\envs\transplantML\Lib\site-packages\sklearn\model_selection\_search.py:1052: UserWarning: One or more of the test scores are non-finite: [-476.27517753 -491.57809642 -329.99980648 -332.22058538           nan
           nan           nan]
  warnings.warn(
C:\Users\pbard\.conda\envs\transplantML\Lib\site-packages\sklearn\model_selection\_validation.py:540: FitFailedWarning: 
15 fits failed out of a total of 35.
The score on these train-test partitions for these parameters will be set to nan.
If these failures are not expected, you can try to debug them by setting error_score='raise'.

Below are more details about the failures:
--------------------------------------------------------------------------------
15 fits failed with the following error:
Traceback (most recent call last):
  File "C:\Users\pbard\.conda\envs\transplantML\Lib\site-packages\sklearn\model_selection\_validation.py", line 888, in _fit_and_score
    estimator.fit(X_train, y_train, **fit_params)
  File "C:\Users\pbard\.conda\envs\transplantML\Lib\site-packages\sklearn\base.py", line 1473, in wrapper
    return fit_method(estimator, *args, **kwargs)
           ^^^^^^^^^^^^^^^^^^^^^^^^^^^^^^^^^^^^^^
  File "C:\Users\pbard\.conda\envs\transplantML\Lib\site-packages\sklearn\linear_model\_omp.py", line 804, in fit
    coef_, self.n_iter_ = orthogonal_mp_gram(
                          ^^^^^^^^^^^^^^^^^^^
  File "C:\Users\pbard\.conda\envs\transplantML\Lib\site-packages\sklearn\utils\_param_validation.py", line 186, in wrapper
    return func(*args, **kwargs)
           ^^^^^^^^^^^^^^^^^^^^^
  File "C:\Users\pbard\.conda\envs\transplantML\Lib\site-packages\sklearn\linear_model\_omp.py", line 605, in orthogonal_mp_gram
    raise ValueError(
ValueError: The number of atoms cannot be more than the number of features

  warnings.warn(some_fits_failed_message, FitFailedWarning)
C:\Users\pbard\.conda\envs\transplantML\Lib\site-packages\sklearn\model_selection\_search.py:1052: UserWarning: One or more of the test scores are non-finite: [-619.64896903 -606.34007246 -297.01344702 -338.5115366            nan
           nan           nan]
  warnings.warn(
C:\Users\pbard\.conda\envs\transplantML\Lib\site-packages\sklearn\model_selection\_validation.py:540: FitFailedWarning: 
15 fits failed out of a total of 35.
The score on these train-test partitions for these parameters will be set to nan.
If these failures are not expected, you can try to debug them by setting error_score='raise'.

Below are more details about the failures:
--------------------------------------------------------------------------------
15 fits failed with the following error:
Traceback (most recent call last):
  File "C:\Users\pbard\.conda\envs\transplantML\Lib\site-packages\sklearn\model_selection\_validation.py", line 888, in _fit_and_score
    estimator.fit(X_train, y_train, **fit_params)
  File "C:\Users\pbard\.conda\envs\transplantML\Lib\site-packages\sklearn\base.py", line 1473, in wrapper
    return fit_method(estimator, *args, **kwargs)
           ^^^^^^^^^^^^^^^^^^^^^^^^^^^^^^^^^^^^^^
  File "C:\Users\pbard\.conda\envs\transplantML\Lib\site-packages\sklearn\linear_model\_omp.py", line 804, in fit
    coef_, self.n_iter_ = orthogonal_mp_gram(
                          ^^^^^^^^^^^^^^^^^^^
  File "C:\Users\pbard\.conda\envs\transplantML\Lib\site-packages\sklearn\utils\_param_validation.py", line 186, in wrapper
    return func(*args, **kwargs)
           ^^^^^^^^^^^^^^^^^^^^^
  File "C:\Users\pbard\.conda\envs\transplantML\Lib\site-packages\sklearn\linear_model\_omp.py", line 605, in orthogonal_mp_gram
    raise ValueError(
ValueError: The number of atoms cannot be more than the number of features

  warnings.warn(some_fits_failed_message, FitFailedWarning)
C:\Users\pbard\.conda\envs\transplantML\Lib\site-packages\sklearn\model_selection\_search.py:1052: UserWarning: One or more of the test scores are non-finite: [-553.52223007 -575.34721107 -305.20161105 -387.55117694           nan
           nan           nan]
  warnings.warn(
C:\Users\pbard\.conda\envs\transplantML\Lib\site-packages\sklearn\model_selection\_validation.py:540: FitFailedWarning: 
15 fits failed out of a total of 35.
The score on these train-test partitions for these parameters will be set to nan.
If these failures are not expected, you can try to debug them by setting error_score='raise'.

Below are more details about the failures:
--------------------------------------------------------------------------------
15 fits failed with the following error:
Traceback (most recent call last):
  File "C:\Users\pbard\.conda\envs\transplantML\Lib\site-packages\sklearn\model_selection\_validation.py", line 888, in _fit_and_score
    estimator.fit(X_train, y_train, **fit_params)
  File "C:\Users\pbard\.conda\envs\transplantML\Lib\site-packages\sklearn\base.py", line 1473, in wrapper
    return fit_method(estimator, *args, **kwargs)
           ^^^^^^^^^^^^^^^^^^^^^^^^^^^^^^^^^^^^^^
  File "C:\Users\pbard\.conda\envs\transplantML\Lib\site-packages\sklearn\linear_model\_omp.py", line 804, in fit
    coef_, self.n_iter_ = orthogonal_mp_gram(
                          ^^^^^^^^^^^^^^^^^^^
  File "C:\Users\pbard\.conda\envs\transplantML\Lib\site-packages\sklearn\utils\_param_validation.py", line 186, in wrapper
    return func(*args, **kwargs)
           ^^^^^^^^^^^^^^^^^^^^^
  File "C:\Users\pbard\.conda\envs\transplantML\Lib\site-packages\sklearn\linear_model\_omp.py", line 605, in orthogonal_mp_gram
    raise ValueError(
ValueError: The number of atoms cannot be more than the number of features

  warnings.warn(some_fits_failed_message, FitFailedWarning)
C:\Users\pbard\.conda\envs\transplantML\Lib\site-packages\sklearn\model_selection\_search.py:1052: UserWarning: One or more of the test scores are non-finite: [-600.5866194  -598.43677439 -500.50710995 -647.99120441           nan
           nan           nan]
  warnings.warn(
C:\Users\pbard\.conda\envs\transplantML\Lib\site-packages\sklearn\model_selection\_validation.py:540: FitFailedWarning: 
15 fits failed out of a total of 35.
The score on these train-test partitions for these parameters will be set to nan.
If these failures are not expected, you can try to debug them by setting error_score='raise'.

Below are more details about the failures:
--------------------------------------------------------------------------------
15 fits failed with the following error:
Traceback (most recent call last):
  File "C:\Users\pbard\.conda\envs\transplantML\Lib\site-packages\sklearn\model_selection\_validation.py", line 888, in _fit_and_score
    estimator.fit(X_train, y_train, **fit_params)
  File "C:\Users\pbard\.conda\envs\transplantML\Lib\site-packages\sklearn\base.py", line 1473, in wrapper
    return fit_method(estimator, *args, **kwargs)
           ^^^^^^^^^^^^^^^^^^^^^^^^^^^^^^^^^^^^^^
  File "C:\Users\pbard\.conda\envs\transplantML\Lib\site-packages\sklearn\linear_model\_omp.py", line 804, in fit
    coef_, self.n_iter_ = orthogonal_mp_gram(
                          ^^^^^^^^^^^^^^^^^^^
  File "C:\Users\pbard\.conda\envs\transplantML\Lib\site-packages\sklearn\utils\_param_validation.py", line 186, in wrapper
    return func(*args, **kwargs)
           ^^^^^^^^^^^^^^^^^^^^^
  File "C:\Users\pbard\.conda\envs\transplantML\Lib\site-packages\sklearn\linear_model\_omp.py", line 605, in orthogonal_mp_gram
    raise ValueError(
ValueError: The number of atoms cannot be more than the number of features

  warnings.warn(some_fits_failed_message, FitFailedWarning)
C:\Users\pbard\.conda\envs\transplantML\Lib\site-packages\sklearn\model_selection\_search.py:1052: UserWarning: One or more of the test scores are non-finite: [-674.5520916  -630.35888926 -468.92100198 -506.12818553           nan
           nan           nan]
  warnings.warn(
C:\Users\pbard\.conda\envs\transplantML\Lib\site-packages\sklearn\model_selection\_validation.py:540: FitFailedWarning: 
15 fits failed out of a total of 35.
The score on these train-test partitions for these parameters will be set to nan.
If these failures are not expected, you can try to debug them by setting error_score='raise'.

Below are more details about the failures:
--------------------------------------------------------------------------------
15 fits failed with the following error:
Traceback (most recent call last):
  File "C:\Users\pbard\.conda\envs\transplantML\Lib\site-packages\sklearn\model_selection\_validation.py", line 888, in _fit_and_score
    estimator.fit(X_train, y_train, **fit_params)
  File "C:\Users\pbard\.conda\envs\transplantML\Lib\site-packages\sklearn\base.py", line 1473, in wrapper
    return fit_method(estimator, *args, **kwargs)
           ^^^^^^^^^^^^^^^^^^^^^^^^^^^^^^^^^^^^^^
  File "C:\Users\pbard\.conda\envs\transplantML\Lib\site-packages\sklearn\linear_model\_omp.py", line 804, in fit
    coef_, self.n_iter_ = orthogonal_mp_gram(
                          ^^^^^^^^^^^^^^^^^^^
  File "C:\Users\pbard\.conda\envs\transplantML\Lib\site-packages\sklearn\utils\_param_validation.py", line 186, in wrapper
    return func(*args, **kwargs)
           ^^^^^^^^^^^^^^^^^^^^^
  File "C:\Users\pbard\.conda\envs\transplantML\Lib\site-packages\sklearn\linear_model\_omp.py", line 605, in orthogonal_mp_gram
    raise ValueError(
ValueError: The number of atoms cannot be more than the number of features

  warnings.warn(some_fits_failed_message, FitFailedWarning)
C:\Users\pbard\.conda\envs\transplantML\Lib\site-packages\sklearn\model_selection\_search.py:1052: UserWarning: One or more of the test scores are non-finite: [-519.23815048 -534.74188585 -431.01708635 -499.46383915           nan
           nan           nan]
  warnings.warn(
C:\Users\pbard\.conda\envs\transplantML\Lib\site-packages\sklearn\model_selection\_validation.py:540: FitFailedWarning: 
15 fits failed out of a total of 35.
The score on these train-test partitions for these parameters will be set to nan.
If these failures are not expected, you can try to debug them by setting error_score='raise'.

Below are more details about the failures:
--------------------------------------------------------------------------------
15 fits failed with the following error:
Traceback (most recent call last):
  File "C:\Users\pbard\.conda\envs\transplantML\Lib\site-packages\sklearn\model_selection\_validation.py", line 888, in _fit_and_score
    estimator.fit(X_train, y_train, **fit_params)
  File "C:\Users\pbard\.conda\envs\transplantML\Lib\site-packages\sklearn\base.py", line 1473, in wrapper
    return fit_method(estimator, *args, **kwargs)
           ^^^^^^^^^^^^^^^^^^^^^^^^^^^^^^^^^^^^^^
  File "C:\Users\pbard\.conda\envs\transplantML\Lib\site-packages\sklearn\linear_model\_omp.py", line 804, in fit
    coef_, self.n_iter_ = orthogonal_mp_gram(
                          ^^^^^^^^^^^^^^^^^^^
  File "C:\Users\pbard\.conda\envs\transplantML\Lib\site-packages\sklearn\utils\_param_validation.py", line 186, in wrapper
    return func(*args, **kwargs)
           ^^^^^^^^^^^^^^^^^^^^^
  File "C:\Users\pbard\.conda\envs\transplantML\Lib\site-packages\sklearn\linear_model\_omp.py", line 605, in orthogonal_mp_gram
    raise ValueError(
ValueError: The number of atoms cannot be more than the number of features

  warnings.warn(some_fits_failed_message, FitFailedWarning)
C:\Users\pbard\.conda\envs\transplantML\Lib\site-packages\sklearn\model_selection\_search.py:1052: UserWarning: One or more of the test scores are non-finite: [-655.57714466 -637.69832726 -475.04526045 -488.94915386           nan
           nan           nan]
  warnings.warn(
C:\Users\pbard\.conda\envs\transplantML\Lib\site-packages\sklearn\model_selection\_validation.py:540: FitFailedWarning: 
15 fits failed out of a total of 35.
The score on these train-test partitions for these parameters will be set to nan.
If these failures are not expected, you can try to debug them by setting error_score='raise'.

Below are more details about the failures:
--------------------------------------------------------------------------------
15 fits failed with the following error:
Traceback (most recent call last):
  File "C:\Users\pbard\.conda\envs\transplantML\Lib\site-packages\sklearn\model_selection\_validation.py", line 888, in _fit_and_score
    estimator.fit(X_train, y_train, **fit_params)
  File "C:\Users\pbard\.conda\envs\transplantML\Lib\site-packages\sklearn\base.py", line 1473, in wrapper
    return fit_method(estimator, *args, **kwargs)
           ^^^^^^^^^^^^^^^^^^^^^^^^^^^^^^^^^^^^^^
  File "C:\Users\pbard\.conda\envs\transplantML\Lib\site-packages\sklearn\linear_model\_omp.py", line 804, in fit
    coef_, self.n_iter_ = orthogonal_mp_gram(
                          ^^^^^^^^^^^^^^^^^^^
  File "C:\Users\pbard\.conda\envs\transplantML\Lib\site-packages\sklearn\utils\_param_validation.py", line 186, in wrapper
    return func(*args, **kwargs)
           ^^^^^^^^^^^^^^^^^^^^^
  File "C:\Users\pbard\.conda\envs\transplantML\Lib\site-packages\sklearn\linear_model\_omp.py", line 605, in orthogonal_mp_gram
    raise ValueError(
ValueError: The number of atoms cannot be more than the number of features

  warnings.warn(some_fits_failed_message, FitFailedWarning)
C:\Users\pbard\.conda\envs\transplantML\Lib\site-packages\sklearn\model_selection\_search.py:1052: UserWarning: One or more of the test scores are non-finite: [-444.53590803 -464.56188755 -376.21238763 -520.6694429            nan
           nan           nan]
  warnings.warn(
C:\Users\pbard\.conda\envs\transplantML\Lib\site-packages\sklearn\model_selection\_validation.py:540: FitFailedWarning: 
15 fits failed out of a total of 35.
The score on these train-test partitions for these parameters will be set to nan.
If these failures are not expected, you can try to debug them by setting error_score='raise'.

Below are more details about the failures:
--------------------------------------------------------------------------------
15 fits failed with the following error:
Traceback (most recent call last):
  File "C:\Users\pbard\.conda\envs\transplantML\Lib\site-packages\sklearn\model_selection\_validation.py", line 888, in _fit_and_score
    estimator.fit(X_train, y_train, **fit_params)
  File "C:\Users\pbard\.conda\envs\transplantML\Lib\site-packages\sklearn\base.py", line 1473, in wrapper
    return fit_method(estimator, *args, **kwargs)
           ^^^^^^^^^^^^^^^^^^^^^^^^^^^^^^^^^^^^^^
  File "C:\Users\pbard\.conda\envs\transplantML\Lib\site-packages\sklearn\linear_model\_omp.py", line 804, in fit
    coef_, self.n_iter_ = orthogonal_mp_gram(
                          ^^^^^^^^^^^^^^^^^^^
  File "C:\Users\pbard\.conda\envs\transplantML\Lib\site-packages\sklearn\utils\_param_validation.py", line 186, in wrapper
    return func(*args, **kwargs)
           ^^^^^^^^^^^^^^^^^^^^^
  File "C:\Users\pbard\.conda\envs\transplantML\Lib\site-packages\sklearn\linear_model\_omp.py", line 605, in orthogonal_mp_gram
    raise ValueError(
ValueError: The number of atoms cannot be more than the number of features

  warnings.warn(some_fits_failed_message, FitFailedWarning)
C:\Users\pbard\.conda\envs\transplantML\Lib\site-packages\sklearn\model_selection\_search.py:1052: UserWarning: One or more of the test scores are non-finite: [-581.86882707 -542.56720852 -442.49314481 -569.235428             nan
           nan           nan]
  warnings.warn(
C:\Users\pbard\.conda\envs\transplantML\Lib\site-packages\sklearn\model_selection\_validation.py:540: FitFailedWarning: 
15 fits failed out of a total of 35.
The score on these train-test partitions for these parameters will be set to nan.
If these failures are not expected, you can try to debug them by setting error_score='raise'.

Below are more details about the failures:
--------------------------------------------------------------------------------
15 fits failed with the following error:
Traceback (most recent call last):
  File "C:\Users\pbard\.conda\envs\transplantML\Lib\site-packages\sklearn\model_selection\_validation.py", line 888, in _fit_and_score
    estimator.fit(X_train, y_train, **fit_params)
  File "C:\Users\pbard\.conda\envs\transplantML\Lib\site-packages\sklearn\base.py", line 1473, in wrapper
    return fit_method(estimator, *args, **kwargs)
           ^^^^^^^^^^^^^^^^^^^^^^^^^^^^^^^^^^^^^^
  File "C:\Users\pbard\.conda\envs\transplantML\Lib\site-packages\sklearn\linear_model\_omp.py", line 804, in fit
    coef_, self.n_iter_ = orthogonal_mp_gram(
                          ^^^^^^^^^^^^^^^^^^^
  File "C:\Users\pbard\.conda\envs\transplantML\Lib\site-packages\sklearn\utils\_param_validation.py", line 186, in wrapper
    return func(*args, **kwargs)
           ^^^^^^^^^^^^^^^^^^^^^
  File "C:\Users\pbard\.conda\envs\transplantML\Lib\site-packages\sklearn\linear_model\_omp.py", line 605, in orthogonal_mp_gram
    raise ValueError(
ValueError: The number of atoms cannot be more than the number of features

  warnings.warn(some_fits_failed_message, FitFailedWarning)
C:\Users\pbard\.conda\envs\transplantML\Lib\site-packages\sklearn\model_selection\_search.py:1052: UserWarning: One or more of the test scores are non-finite: [-619.17601248 -610.86428817 -481.59242786 -518.91177858           nan
           nan           nan]
  warnings.warn(
C:\Users\pbard\.conda\envs\transplantML\Lib\site-packages\sklearn\model_selection\_validation.py:540: FitFailedWarning: 
15 fits failed out of a total of 35.
The score on these train-test partitions for these parameters will be set to nan.
If these failures are not expected, you can try to debug them by setting error_score='raise'.

Below are more details about the failures:
--------------------------------------------------------------------------------
15 fits failed with the following error:
Traceback (most recent call last):
  File "C:\Users\pbard\.conda\envs\transplantML\Lib\site-packages\sklearn\model_selection\_validation.py", line 888, in _fit_and_score
    estimator.fit(X_train, y_train, **fit_params)
  File "C:\Users\pbard\.conda\envs\transplantML\Lib\site-packages\sklearn\base.py", line 1473, in wrapper
    return fit_method(estimator, *args, **kwargs)
           ^^^^^^^^^^^^^^^^^^^^^^^^^^^^^^^^^^^^^^
  File "C:\Users\pbard\.conda\envs\transplantML\Lib\site-packages\sklearn\linear_model\_omp.py", line 804, in fit
    coef_, self.n_iter_ = orthogonal_mp_gram(
                          ^^^^^^^^^^^^^^^^^^^
  File "C:\Users\pbard\.conda\envs\transplantML\Lib\site-packages\sklearn\utils\_param_validation.py", line 186, in wrapper
    return func(*args, **kwargs)
           ^^^^^^^^^^^^^^^^^^^^^
  File "C:\Users\pbard\.conda\envs\transplantML\Lib\site-packages\sklearn\linear_model\_omp.py", line 605, in orthogonal_mp_gram
    raise ValueError(
ValueError: The number of atoms cannot be more than the number of features

  warnings.warn(some_fits_failed_message, FitFailedWarning)
C:\Users\pbard\.conda\envs\transplantML\Lib\site-packages\sklearn\model_selection\_search.py:1052: UserWarning: One or more of the test scores are non-finite: [-476.27517753 -491.57809642 -433.30653182 -477.10626284           nan
           nan           nan]
  warnings.warn(
C:\Users\pbard\.conda\envs\transplantML\Lib\site-packages\sklearn\model_selection\_validation.py:540: FitFailedWarning: 
15 fits failed out of a total of 35.
The score on these train-test partitions for these parameters will be set to nan.
If these failures are not expected, you can try to debug them by setting error_score='raise'.

Below are more details about the failures:
--------------------------------------------------------------------------------
15 fits failed with the following error:
Traceback (most recent call last):
  File "C:\Users\pbard\.conda\envs\transplantML\Lib\site-packages\sklearn\model_selection\_validation.py", line 888, in _fit_and_score
    estimator.fit(X_train, y_train, **fit_params)
  File "C:\Users\pbard\.conda\envs\transplantML\Lib\site-packages\sklearn\base.py", line 1473, in wrapper
    return fit_method(estimator, *args, **kwargs)
           ^^^^^^^^^^^^^^^^^^^^^^^^^^^^^^^^^^^^^^
  File "C:\Users\pbard\.conda\envs\transplantML\Lib\site-packages\sklearn\linear_model\_omp.py", line 804, in fit
    coef_, self.n_iter_ = orthogonal_mp_gram(
                          ^^^^^^^^^^^^^^^^^^^
  File "C:\Users\pbard\.conda\envs\transplantML\Lib\site-packages\sklearn\utils\_param_validation.py", line 186, in wrapper
    return func(*args, **kwargs)
           ^^^^^^^^^^^^^^^^^^^^^
  File "C:\Users\pbard\.conda\envs\transplantML\Lib\site-packages\sklearn\linear_model\_omp.py", line 605, in orthogonal_mp_gram
    raise ValueError(
ValueError: The number of atoms cannot be more than the number of features

  warnings.warn(some_fits_failed_message, FitFailedWarning)
C:\Users\pbard\.conda\envs\transplantML\Lib\site-packages\sklearn\model_selection\_search.py:1052: UserWarning: One or more of the test scores are non-finite: [-619.64896903 -606.34007246 -423.97668371 -467.79498225           nan
           nan           nan]
  warnings.warn(
C:\Users\pbard\.conda\envs\transplantML\Lib\site-packages\sklearn\model_selection\_validation.py:540: FitFailedWarning: 
15 fits failed out of a total of 35.
The score on these train-test partitions for these parameters will be set to nan.
If these failures are not expected, you can try to debug them by setting error_score='raise'.

Below are more details about the failures:
--------------------------------------------------------------------------------
15 fits failed with the following error:
Traceback (most recent call last):
  File "C:\Users\pbard\.conda\envs\transplantML\Lib\site-packages\sklearn\model_selection\_validation.py", line 888, in _fit_and_score
    estimator.fit(X_train, y_train, **fit_params)
  File "C:\Users\pbard\.conda\envs\transplantML\Lib\site-packages\sklearn\base.py", line 1473, in wrapper
    return fit_method(estimator, *args, **kwargs)
           ^^^^^^^^^^^^^^^^^^^^^^^^^^^^^^^^^^^^^^
  File "C:\Users\pbard\.conda\envs\transplantML\Lib\site-packages\sklearn\linear_model\_omp.py", line 804, in fit
    coef_, self.n_iter_ = orthogonal_mp_gram(
                          ^^^^^^^^^^^^^^^^^^^
  File "C:\Users\pbard\.conda\envs\transplantML\Lib\site-packages\sklearn\utils\_param_validation.py", line 186, in wrapper
    return func(*args, **kwargs)
           ^^^^^^^^^^^^^^^^^^^^^
  File "C:\Users\pbard\.conda\envs\transplantML\Lib\site-packages\sklearn\linear_model\_omp.py", line 605, in orthogonal_mp_gram
    raise ValueError(
ValueError: The number of atoms cannot be more than the number of features

  warnings.warn(some_fits_failed_message, FitFailedWarning)
C:\Users\pbard\.conda\envs\transplantML\Lib\site-packages\sklearn\model_selection\_search.py:1052: UserWarning: One or more of the test scores are non-finite: [-553.52223007 -575.34721107 -467.9405135  -598.7790159            nan
           nan           nan]
  warnings.warn(
C:\Users\pbard\.conda\envs\transplantML\Lib\site-packages\sklearn\model_selection\_validation.py:540: FitFailedWarning: 
15 fits failed out of a total of 35.
The score on these train-test partitions for these parameters will be set to nan.
If these failures are not expected, you can try to debug them by setting error_score='raise'.

Below are more details about the failures:
--------------------------------------------------------------------------------
15 fits failed with the following error:
Traceback (most recent call last):
  File "C:\Users\pbard\.conda\envs\transplantML\Lib\site-packages\sklearn\model_selection\_validation.py", line 888, in _fit_and_score
    estimator.fit(X_train, y_train, **fit_params)
  File "C:\Users\pbard\.conda\envs\transplantML\Lib\site-packages\sklearn\base.py", line 1473, in wrapper
    return fit_method(estimator, *args, **kwargs)
           ^^^^^^^^^^^^^^^^^^^^^^^^^^^^^^^^^^^^^^
  File "C:\Users\pbard\.conda\envs\transplantML\Lib\site-packages\sklearn\linear_model\_omp.py", line 804, in fit
    coef_, self.n_iter_ = orthogonal_mp_gram(
                          ^^^^^^^^^^^^^^^^^^^
  File "C:\Users\pbard\.conda\envs\transplantML\Lib\site-packages\sklearn\utils\_param_validation.py", line 186, in wrapper
    return func(*args, **kwargs)
           ^^^^^^^^^^^^^^^^^^^^^
  File "C:\Users\pbard\.conda\envs\transplantML\Lib\site-packages\sklearn\linear_model\_omp.py", line 605, in orthogonal_mp_gram
    raise ValueError(
ValueError: The number of atoms cannot be more than the number of features

  warnings.warn(some_fits_failed_message, FitFailedWarning)
C:\Users\pbard\.conda\envs\transplantML\Lib\site-packages\sklearn\model_selection\_search.py:1052: UserWarning: One or more of the test scores are non-finite: [-600.5866194  -598.43677439 -537.98945174 -651.06649876           nan
           nan           nan]
  warnings.warn(
C:\Users\pbard\.conda\envs\transplantML\Lib\site-packages\sklearn\model_selection\_validation.py:540: FitFailedWarning: 
15 fits failed out of a total of 35.
The score on these train-test partitions for these parameters will be set to nan.
If these failures are not expected, you can try to debug them by setting error_score='raise'.

Below are more details about the failures:
--------------------------------------------------------------------------------
15 fits failed with the following error:
Traceback (most recent call last):
  File "C:\Users\pbard\.conda\envs\transplantML\Lib\site-packages\sklearn\model_selection\_validation.py", line 888, in _fit_and_score
    estimator.fit(X_train, y_train, **fit_params)
  File "C:\Users\pbard\.conda\envs\transplantML\Lib\site-packages\sklearn\base.py", line 1473, in wrapper
    return fit_method(estimator, *args, **kwargs)
           ^^^^^^^^^^^^^^^^^^^^^^^^^^^^^^^^^^^^^^
  File "C:\Users\pbard\.conda\envs\transplantML\Lib\site-packages\sklearn\linear_model\_omp.py", line 804, in fit
    coef_, self.n_iter_ = orthogonal_mp_gram(
                          ^^^^^^^^^^^^^^^^^^^
  File "C:\Users\pbard\.conda\envs\transplantML\Lib\site-packages\sklearn\utils\_param_validation.py", line 186, in wrapper
    return func(*args, **kwargs)
           ^^^^^^^^^^^^^^^^^^^^^
  File "C:\Users\pbard\.conda\envs\transplantML\Lib\site-packages\sklearn\linear_model\_omp.py", line 605, in orthogonal_mp_gram
    raise ValueError(
ValueError: The number of atoms cannot be more than the number of features

  warnings.warn(some_fits_failed_message, FitFailedWarning)
C:\Users\pbard\.conda\envs\transplantML\Lib\site-packages\sklearn\model_selection\_search.py:1052: UserWarning: One or more of the test scores are non-finite: [-674.5520916  -630.35888926 -530.3899689  -582.94601638           nan
           nan           nan]
  warnings.warn(
C:\Users\pbard\.conda\envs\transplantML\Lib\site-packages\sklearn\model_selection\_validation.py:540: FitFailedWarning: 
15 fits failed out of a total of 35.
The score on these train-test partitions for these parameters will be set to nan.
If these failures are not expected, you can try to debug them by setting error_score='raise'.

Below are more details about the failures:
--------------------------------------------------------------------------------
15 fits failed with the following error:
Traceback (most recent call last):
  File "C:\Users\pbard\.conda\envs\transplantML\Lib\site-packages\sklearn\model_selection\_validation.py", line 888, in _fit_and_score
    estimator.fit(X_train, y_train, **fit_params)
  File "C:\Users\pbard\.conda\envs\transplantML\Lib\site-packages\sklearn\base.py", line 1473, in wrapper
    return fit_method(estimator, *args, **kwargs)
           ^^^^^^^^^^^^^^^^^^^^^^^^^^^^^^^^^^^^^^
  File "C:\Users\pbard\.conda\envs\transplantML\Lib\site-packages\sklearn\linear_model\_omp.py", line 804, in fit
    coef_, self.n_iter_ = orthogonal_mp_gram(
                          ^^^^^^^^^^^^^^^^^^^
  File "C:\Users\pbard\.conda\envs\transplantML\Lib\site-packages\sklearn\utils\_param_validation.py", line 186, in wrapper
    return func(*args, **kwargs)
           ^^^^^^^^^^^^^^^^^^^^^
  File "C:\Users\pbard\.conda\envs\transplantML\Lib\site-packages\sklearn\linear_model\_omp.py", line 605, in orthogonal_mp_gram
    raise ValueError(
ValueError: The number of atoms cannot be more than the number of features

  warnings.warn(some_fits_failed_message, FitFailedWarning)
C:\Users\pbard\.conda\envs\transplantML\Lib\site-packages\sklearn\model_selection\_search.py:1052: UserWarning: One or more of the test scores are non-finite: [-519.23815048 -534.74188585 -476.9106786  -584.20576135           nan
           nan           nan]
  warnings.warn(
C:\Users\pbard\.conda\envs\transplantML\Lib\site-packages\sklearn\model_selection\_validation.py:540: FitFailedWarning: 
15 fits failed out of a total of 35.
The score on these train-test partitions for these parameters will be set to nan.
If these failures are not expected, you can try to debug them by setting error_score='raise'.

Below are more details about the failures:
--------------------------------------------------------------------------------
15 fits failed with the following error:
Traceback (most recent call last):
  File "C:\Users\pbard\.conda\envs\transplantML\Lib\site-packages\sklearn\model_selection\_validation.py", line 888, in _fit_and_score
    estimator.fit(X_train, y_train, **fit_params)
  File "C:\Users\pbard\.conda\envs\transplantML\Lib\site-packages\sklearn\base.py", line 1473, in wrapper
    return fit_method(estimator, *args, **kwargs)
           ^^^^^^^^^^^^^^^^^^^^^^^^^^^^^^^^^^^^^^
  File "C:\Users\pbard\.conda\envs\transplantML\Lib\site-packages\sklearn\linear_model\_omp.py", line 804, in fit
    coef_, self.n_iter_ = orthogonal_mp_gram(
                          ^^^^^^^^^^^^^^^^^^^
  File "C:\Users\pbard\.conda\envs\transplantML\Lib\site-packages\sklearn\utils\_param_validation.py", line 186, in wrapper
    return func(*args, **kwargs)
           ^^^^^^^^^^^^^^^^^^^^^
  File "C:\Users\pbard\.conda\envs\transplantML\Lib\site-packages\sklearn\linear_model\_omp.py", line 605, in orthogonal_mp_gram
    raise ValueError(
ValueError: The number of atoms cannot be more than the number of features

  warnings.warn(some_fits_failed_message, FitFailedWarning)
C:\Users\pbard\.conda\envs\transplantML\Lib\site-packages\sklearn\model_selection\_search.py:1052: UserWarning: One or more of the test scores are non-finite: [-655.57714466 -637.69832726 -518.73437421 -618.89705733           nan
           nan           nan]
  warnings.warn(
C:\Users\pbard\.conda\envs\transplantML\Lib\site-packages\sklearn\model_selection\_validation.py:540: FitFailedWarning: 
15 fits failed out of a total of 35.
The score on these train-test partitions for these parameters will be set to nan.
If these failures are not expected, you can try to debug them by setting error_score='raise'.

Below are more details about the failures:
--------------------------------------------------------------------------------
15 fits failed with the following error:
Traceback (most recent call last):
  File "C:\Users\pbard\.conda\envs\transplantML\Lib\site-packages\sklearn\model_selection\_validation.py", line 888, in _fit_and_score
    estimator.fit(X_train, y_train, **fit_params)
  File "C:\Users\pbard\.conda\envs\transplantML\Lib\site-packages\sklearn\base.py", line 1473, in wrapper
    return fit_method(estimator, *args, **kwargs)
           ^^^^^^^^^^^^^^^^^^^^^^^^^^^^^^^^^^^^^^
  File "C:\Users\pbard\.conda\envs\transplantML\Lib\site-packages\sklearn\linear_model\_omp.py", line 804, in fit
    coef_, self.n_iter_ = orthogonal_mp_gram(
                          ^^^^^^^^^^^^^^^^^^^
  File "C:\Users\pbard\.conda\envs\transplantML\Lib\site-packages\sklearn\utils\_param_validation.py", line 186, in wrapper
    return func(*args, **kwargs)
           ^^^^^^^^^^^^^^^^^^^^^
  File "C:\Users\pbard\.conda\envs\transplantML\Lib\site-packages\sklearn\linear_model\_omp.py", line 605, in orthogonal_mp_gram
    raise ValueError(
ValueError: The number of atoms cannot be more than the number of features

  warnings.warn(some_fits_failed_message, FitFailedWarning)
C:\Users\pbard\.conda\envs\transplantML\Lib\site-packages\sklearn\model_selection\_search.py:1052: UserWarning: One or more of the test scores are non-finite: [-444.53590803 -464.56188755 -433.56583847 -587.91440938           nan
           nan           nan]
  warnings.warn(
C:\Users\pbard\.conda\envs\transplantML\Lib\site-packages\sklearn\model_selection\_validation.py:540: FitFailedWarning: 
15 fits failed out of a total of 35.
The score on these train-test partitions for these parameters will be set to nan.
If these failures are not expected, you can try to debug them by setting error_score='raise'.

Below are more details about the failures:
--------------------------------------------------------------------------------
15 fits failed with the following error:
Traceback (most recent call last):
  File "C:\Users\pbard\.conda\envs\transplantML\Lib\site-packages\sklearn\model_selection\_validation.py", line 888, in _fit_and_score
    estimator.fit(X_train, y_train, **fit_params)
  File "C:\Users\pbard\.conda\envs\transplantML\Lib\site-packages\sklearn\base.py", line 1473, in wrapper
    return fit_method(estimator, *args, **kwargs)
           ^^^^^^^^^^^^^^^^^^^^^^^^^^^^^^^^^^^^^^
  File "C:\Users\pbard\.conda\envs\transplantML\Lib\site-packages\sklearn\linear_model\_omp.py", line 804, in fit
    coef_, self.n_iter_ = orthogonal_mp_gram(
                          ^^^^^^^^^^^^^^^^^^^
  File "C:\Users\pbard\.conda\envs\transplantML\Lib\site-packages\sklearn\utils\_param_validation.py", line 186, in wrapper
    return func(*args, **kwargs)
           ^^^^^^^^^^^^^^^^^^^^^
  File "C:\Users\pbard\.conda\envs\transplantML\Lib\site-packages\sklearn\linear_model\_omp.py", line 605, in orthogonal_mp_gram
    raise ValueError(
ValueError: The number of atoms cannot be more than the number of features

  warnings.warn(some_fits_failed_message, FitFailedWarning)
C:\Users\pbard\.conda\envs\transplantML\Lib\site-packages\sklearn\model_selection\_search.py:1052: UserWarning: One or more of the test scores are non-finite: [-581.86882707 -542.56720852 -475.0870424  -650.05416775           nan
           nan           nan]
  warnings.warn(
C:\Users\pbard\.conda\envs\transplantML\Lib\site-packages\sklearn\model_selection\_validation.py:540: FitFailedWarning: 
15 fits failed out of a total of 35.
The score on these train-test partitions for these parameters will be set to nan.
If these failures are not expected, you can try to debug them by setting error_score='raise'.

Below are more details about the failures:
--------------------------------------------------------------------------------
15 fits failed with the following error:
Traceback (most recent call last):
  File "C:\Users\pbard\.conda\envs\transplantML\Lib\site-packages\sklearn\model_selection\_validation.py", line 888, in _fit_and_score
    estimator.fit(X_train, y_train, **fit_params)
  File "C:\Users\pbard\.conda\envs\transplantML\Lib\site-packages\sklearn\base.py", line 1473, in wrapper
    return fit_method(estimator, *args, **kwargs)
           ^^^^^^^^^^^^^^^^^^^^^^^^^^^^^^^^^^^^^^
  File "C:\Users\pbard\.conda\envs\transplantML\Lib\site-packages\sklearn\linear_model\_omp.py", line 804, in fit
    coef_, self.n_iter_ = orthogonal_mp_gram(
                          ^^^^^^^^^^^^^^^^^^^
  File "C:\Users\pbard\.conda\envs\transplantML\Lib\site-packages\sklearn\utils\_param_validation.py", line 186, in wrapper
    return func(*args, **kwargs)
           ^^^^^^^^^^^^^^^^^^^^^
  File "C:\Users\pbard\.conda\envs\transplantML\Lib\site-packages\sklearn\linear_model\_omp.py", line 605, in orthogonal_mp_gram
    raise ValueError(
ValueError: The number of atoms cannot be more than the number of features

  warnings.warn(some_fits_failed_message, FitFailedWarning)
C:\Users\pbard\.conda\envs\transplantML\Lib\site-packages\sklearn\model_selection\_search.py:1052: UserWarning: One or more of the test scores are non-finite: [-619.17601248 -610.86428817 -533.52744394 -560.21450789           nan
           nan           nan]
  warnings.warn(
C:\Users\pbard\.conda\envs\transplantML\Lib\site-packages\sklearn\model_selection\_validation.py:540: FitFailedWarning: 
15 fits failed out of a total of 35.
The score on these train-test partitions for these parameters will be set to nan.
If these failures are not expected, you can try to debug them by setting error_score='raise'.

Below are more details about the failures:
--------------------------------------------------------------------------------
15 fits failed with the following error:
Traceback (most recent call last):
  File "C:\Users\pbard\.conda\envs\transplantML\Lib\site-packages\sklearn\model_selection\_validation.py", line 888, in _fit_and_score
    estimator.fit(X_train, y_train, **fit_params)
  File "C:\Users\pbard\.conda\envs\transplantML\Lib\site-packages\sklearn\base.py", line 1473, in wrapper
    return fit_method(estimator, *args, **kwargs)
           ^^^^^^^^^^^^^^^^^^^^^^^^^^^^^^^^^^^^^^
  File "C:\Users\pbard\.conda\envs\transplantML\Lib\site-packages\sklearn\linear_model\_omp.py", line 804, in fit
    coef_, self.n_iter_ = orthogonal_mp_gram(
                          ^^^^^^^^^^^^^^^^^^^
  File "C:\Users\pbard\.conda\envs\transplantML\Lib\site-packages\sklearn\utils\_param_validation.py", line 186, in wrapper
    return func(*args, **kwargs)
           ^^^^^^^^^^^^^^^^^^^^^
  File "C:\Users\pbard\.conda\envs\transplantML\Lib\site-packages\sklearn\linear_model\_omp.py", line 605, in orthogonal_mp_gram
    raise ValueError(
ValueError: The number of atoms cannot be more than the number of features

  warnings.warn(some_fits_failed_message, FitFailedWarning)
C:\Users\pbard\.conda\envs\transplantML\Lib\site-packages\sklearn\model_selection\_search.py:1052: UserWarning: One or more of the test scores are non-finite: [-476.27517753 -491.57809642 -503.47501366 -630.52098852           nan
           nan           nan]
  warnings.warn(
C:\Users\pbard\.conda\envs\transplantML\Lib\site-packages\sklearn\model_selection\_validation.py:540: FitFailedWarning: 
15 fits failed out of a total of 35.
The score on these train-test partitions for these parameters will be set to nan.
If these failures are not expected, you can try to debug them by setting error_score='raise'.

Below are more details about the failures:
--------------------------------------------------------------------------------
15 fits failed with the following error:
Traceback (most recent call last):
  File "C:\Users\pbard\.conda\envs\transplantML\Lib\site-packages\sklearn\model_selection\_validation.py", line 888, in _fit_and_score
    estimator.fit(X_train, y_train, **fit_params)
  File "C:\Users\pbard\.conda\envs\transplantML\Lib\site-packages\sklearn\base.py", line 1473, in wrapper
    return fit_method(estimator, *args, **kwargs)
           ^^^^^^^^^^^^^^^^^^^^^^^^^^^^^^^^^^^^^^
  File "C:\Users\pbard\.conda\envs\transplantML\Lib\site-packages\sklearn\linear_model\_omp.py", line 804, in fit
    coef_, self.n_iter_ = orthogonal_mp_gram(
                          ^^^^^^^^^^^^^^^^^^^
  File "C:\Users\pbard\.conda\envs\transplantML\Lib\site-packages\sklearn\utils\_param_validation.py", line 186, in wrapper
    return func(*args, **kwargs)
           ^^^^^^^^^^^^^^^^^^^^^
  File "C:\Users\pbard\.conda\envs\transplantML\Lib\site-packages\sklearn\linear_model\_omp.py", line 605, in orthogonal_mp_gram
    raise ValueError(
ValueError: The number of atoms cannot be more than the number of features

  warnings.warn(some_fits_failed_message, FitFailedWarning)
C:\Users\pbard\.conda\envs\transplantML\Lib\site-packages\sklearn\model_selection\_search.py:1052: UserWarning: One or more of the test scores are non-finite: [-619.64896903 -606.34007246 -473.8238144  -581.75432787           nan
           nan           nan]
  warnings.warn(
C:\Users\pbard\.conda\envs\transplantML\Lib\site-packages\sklearn\model_selection\_validation.py:540: FitFailedWarning: 
15 fits failed out of a total of 35.
The score on these train-test partitions for these parameters will be set to nan.
If these failures are not expected, you can try to debug them by setting error_score='raise'.

Below are more details about the failures:
--------------------------------------------------------------------------------
15 fits failed with the following error:
Traceback (most recent call last):
  File "C:\Users\pbard\.conda\envs\transplantML\Lib\site-packages\sklearn\model_selection\_validation.py", line 888, in _fit_and_score
    estimator.fit(X_train, y_train, **fit_params)
  File "C:\Users\pbard\.conda\envs\transplantML\Lib\site-packages\sklearn\base.py", line 1473, in wrapper
    return fit_method(estimator, *args, **kwargs)
           ^^^^^^^^^^^^^^^^^^^^^^^^^^^^^^^^^^^^^^
  File "C:\Users\pbard\.conda\envs\transplantML\Lib\site-packages\sklearn\linear_model\_omp.py", line 804, in fit
    coef_, self.n_iter_ = orthogonal_mp_gram(
                          ^^^^^^^^^^^^^^^^^^^
  File "C:\Users\pbard\.conda\envs\transplantML\Lib\site-packages\sklearn\utils\_param_validation.py", line 186, in wrapper
    return func(*args, **kwargs)
           ^^^^^^^^^^^^^^^^^^^^^
  File "C:\Users\pbard\.conda\envs\transplantML\Lib\site-packages\sklearn\linear_model\_omp.py", line 605, in orthogonal_mp_gram
    raise ValueError(
ValueError: The number of atoms cannot be more than the number of features

  warnings.warn(some_fits_failed_message, FitFailedWarning)
C:\Users\pbard\.conda\envs\transplantML\Lib\site-packages\sklearn\model_selection\_search.py:1052: UserWarning: One or more of the test scores are non-finite: [-553.52223007 -575.34721107 -515.92669488 -723.86639785           nan
           nan           nan]
  warnings.warn(
C:\Users\pbard\.conda\envs\transplantML\Lib\site-packages\sklearn\model_selection\_validation.py:540: FitFailedWarning: 
25 fits failed out of a total of 35.
The score on these train-test partitions for these parameters will be set to nan.
If these failures are not expected, you can try to debug them by setting error_score='raise'.

Below are more details about the failures:
--------------------------------------------------------------------------------
25 fits failed with the following error:
Traceback (most recent call last):
  File "C:\Users\pbard\.conda\envs\transplantML\Lib\site-packages\sklearn\model_selection\_validation.py", line 888, in _fit_and_score
    estimator.fit(X_train, y_train, **fit_params)
  File "C:\Users\pbard\.conda\envs\transplantML\Lib\site-packages\sklearn\base.py", line 1473, in wrapper
    return fit_method(estimator, *args, **kwargs)
           ^^^^^^^^^^^^^^^^^^^^^^^^^^^^^^^^^^^^^^
  File "C:\Users\pbard\.conda\envs\transplantML\Lib\site-packages\sklearn\linear_model\_omp.py", line 804, in fit
    coef_, self.n_iter_ = orthogonal_mp_gram(
                          ^^^^^^^^^^^^^^^^^^^
  File "C:\Users\pbard\.conda\envs\transplantML\Lib\site-packages\sklearn\utils\_param_validation.py", line 186, in wrapper
    return func(*args, **kwargs)
           ^^^^^^^^^^^^^^^^^^^^^
  File "C:\Users\pbard\.conda\envs\transplantML\Lib\site-packages\sklearn\linear_model\_omp.py", line 605, in orthogonal_mp_gram
    raise ValueError(
ValueError: The number of atoms cannot be more than the number of features

  warnings.warn(some_fits_failed_message, FitFailedWarning)
C:\Users\pbard\.conda\envs\transplantML\Lib\site-packages\sklearn\model_selection\_search.py:1052: UserWarning: One or more of the test scores are non-finite: [-556.82208963 -566.82698918           nan           nan           nan
           nan           nan]
  warnings.warn(
C:\Users\pbard\.conda\envs\transplantML\Lib\site-packages\sklearn\model_selection\_validation.py:540: FitFailedWarning: 
25 fits failed out of a total of 35.
The score on these train-test partitions for these parameters will be set to nan.
If these failures are not expected, you can try to debug them by setting error_score='raise'.

Below are more details about the failures:
--------------------------------------------------------------------------------
25 fits failed with the following error:
Traceback (most recent call last):
  File "C:\Users\pbard\.conda\envs\transplantML\Lib\site-packages\sklearn\model_selection\_validation.py", line 888, in _fit_and_score
    estimator.fit(X_train, y_train, **fit_params)
  File "C:\Users\pbard\.conda\envs\transplantML\Lib\site-packages\sklearn\base.py", line 1473, in wrapper
    return fit_method(estimator, *args, **kwargs)
           ^^^^^^^^^^^^^^^^^^^^^^^^^^^^^^^^^^^^^^
  File "C:\Users\pbard\.conda\envs\transplantML\Lib\site-packages\sklearn\linear_model\_omp.py", line 804, in fit
    coef_, self.n_iter_ = orthogonal_mp_gram(
                          ^^^^^^^^^^^^^^^^^^^
  File "C:\Users\pbard\.conda\envs\transplantML\Lib\site-packages\sklearn\utils\_param_validation.py", line 186, in wrapper
    return func(*args, **kwargs)
           ^^^^^^^^^^^^^^^^^^^^^
  File "C:\Users\pbard\.conda\envs\transplantML\Lib\site-packages\sklearn\linear_model\_omp.py", line 605, in orthogonal_mp_gram
    raise ValueError(
ValueError: The number of atoms cannot be more than the number of features

  warnings.warn(some_fits_failed_message, FitFailedWarning)
C:\Users\pbard\.conda\envs\transplantML\Lib\site-packages\sklearn\model_selection\_search.py:1052: UserWarning: One or more of the test scores are non-finite: [-540.06074569 -540.55779728           nan           nan           nan
           nan           nan]
  warnings.warn(
C:\Users\pbard\.conda\envs\transplantML\Lib\site-packages\sklearn\model_selection\_validation.py:540: FitFailedWarning: 
25 fits failed out of a total of 35.
The score on these train-test partitions for these parameters will be set to nan.
If these failures are not expected, you can try to debug them by setting error_score='raise'.

Below are more details about the failures:
--------------------------------------------------------------------------------
25 fits failed with the following error:
Traceback (most recent call last):
  File "C:\Users\pbard\.conda\envs\transplantML\Lib\site-packages\sklearn\model_selection\_validation.py", line 888, in _fit_and_score
    estimator.fit(X_train, y_train, **fit_params)
  File "C:\Users\pbard\.conda\envs\transplantML\Lib\site-packages\sklearn\base.py", line 1473, in wrapper
    return fit_method(estimator, *args, **kwargs)
           ^^^^^^^^^^^^^^^^^^^^^^^^^^^^^^^^^^^^^^
  File "C:\Users\pbard\.conda\envs\transplantML\Lib\site-packages\sklearn\linear_model\_omp.py", line 804, in fit
    coef_, self.n_iter_ = orthogonal_mp_gram(
                          ^^^^^^^^^^^^^^^^^^^
  File "C:\Users\pbard\.conda\envs\transplantML\Lib\site-packages\sklearn\utils\_param_validation.py", line 186, in wrapper
    return func(*args, **kwargs)
           ^^^^^^^^^^^^^^^^^^^^^
  File "C:\Users\pbard\.conda\envs\transplantML\Lib\site-packages\sklearn\linear_model\_omp.py", line 605, in orthogonal_mp_gram
    raise ValueError(
ValueError: The number of atoms cannot be more than the number of features

  warnings.warn(some_fits_failed_message, FitFailedWarning)
C:\Users\pbard\.conda\envs\transplantML\Lib\site-packages\sklearn\model_selection\_search.py:1052: UserWarning: One or more of the test scores are non-finite: [-483.3578203  -477.14677511           nan           nan           nan
           nan           nan]
  warnings.warn(
C:\Users\pbard\.conda\envs\transplantML\Lib\site-packages\sklearn\model_selection\_validation.py:540: FitFailedWarning: 
25 fits failed out of a total of 35.
The score on these train-test partitions for these parameters will be set to nan.
If these failures are not expected, you can try to debug them by setting error_score='raise'.

Below are more details about the failures:
--------------------------------------------------------------------------------
25 fits failed with the following error:
Traceback (most recent call last):
  File "C:\Users\pbard\.conda\envs\transplantML\Lib\site-packages\sklearn\model_selection\_validation.py", line 888, in _fit_and_score
    estimator.fit(X_train, y_train, **fit_params)
  File "C:\Users\pbard\.conda\envs\transplantML\Lib\site-packages\sklearn\base.py", line 1473, in wrapper
    return fit_method(estimator, *args, **kwargs)
           ^^^^^^^^^^^^^^^^^^^^^^^^^^^^^^^^^^^^^^
  File "C:\Users\pbard\.conda\envs\transplantML\Lib\site-packages\sklearn\linear_model\_omp.py", line 804, in fit
    coef_, self.n_iter_ = orthogonal_mp_gram(
                          ^^^^^^^^^^^^^^^^^^^
  File "C:\Users\pbard\.conda\envs\transplantML\Lib\site-packages\sklearn\utils\_param_validation.py", line 186, in wrapper
    return func(*args, **kwargs)
           ^^^^^^^^^^^^^^^^^^^^^
  File "C:\Users\pbard\.conda\envs\transplantML\Lib\site-packages\sklearn\linear_model\_omp.py", line 605, in orthogonal_mp_gram
    raise ValueError(
ValueError: The number of atoms cannot be more than the number of features

  warnings.warn(some_fits_failed_message, FitFailedWarning)
C:\Users\pbard\.conda\envs\transplantML\Lib\site-packages\sklearn\model_selection\_search.py:1052: UserWarning: One or more of the test scores are non-finite: [-553.82591299 -573.86210908           nan           nan           nan
           nan           nan]
  warnings.warn(
C:\Users\pbard\.conda\envs\transplantML\Lib\site-packages\sklearn\model_selection\_validation.py:540: FitFailedWarning: 
25 fits failed out of a total of 35.
The score on these train-test partitions for these parameters will be set to nan.
If these failures are not expected, you can try to debug them by setting error_score='raise'.

Below are more details about the failures:
--------------------------------------------------------------------------------
25 fits failed with the following error:
Traceback (most recent call last):
  File "C:\Users\pbard\.conda\envs\transplantML\Lib\site-packages\sklearn\model_selection\_validation.py", line 888, in _fit_and_score
    estimator.fit(X_train, y_train, **fit_params)
  File "C:\Users\pbard\.conda\envs\transplantML\Lib\site-packages\sklearn\base.py", line 1473, in wrapper
    return fit_method(estimator, *args, **kwargs)
           ^^^^^^^^^^^^^^^^^^^^^^^^^^^^^^^^^^^^^^
  File "C:\Users\pbard\.conda\envs\transplantML\Lib\site-packages\sklearn\linear_model\_omp.py", line 804, in fit
    coef_, self.n_iter_ = orthogonal_mp_gram(
                          ^^^^^^^^^^^^^^^^^^^
  File "C:\Users\pbard\.conda\envs\transplantML\Lib\site-packages\sklearn\utils\_param_validation.py", line 186, in wrapper
    return func(*args, **kwargs)
           ^^^^^^^^^^^^^^^^^^^^^
  File "C:\Users\pbard\.conda\envs\transplantML\Lib\site-packages\sklearn\linear_model\_omp.py", line 605, in orthogonal_mp_gram
    raise ValueError(
ValueError: The number of atoms cannot be more than the number of features

  warnings.warn(some_fits_failed_message, FitFailedWarning)
C:\Users\pbard\.conda\envs\transplantML\Lib\site-packages\sklearn\model_selection\_search.py:1052: UserWarning: One or more of the test scores are non-finite: [-499.43234791 -512.11502834           nan           nan           nan
           nan           nan]
  warnings.warn(
C:\Users\pbard\.conda\envs\transplantML\Lib\site-packages\sklearn\model_selection\_validation.py:540: FitFailedWarning: 
25 fits failed out of a total of 35.
The score on these train-test partitions for these parameters will be set to nan.
If these failures are not expected, you can try to debug them by setting error_score='raise'.

Below are more details about the failures:
--------------------------------------------------------------------------------
25 fits failed with the following error:
Traceback (most recent call last):
  File "C:\Users\pbard\.conda\envs\transplantML\Lib\site-packages\sklearn\model_selection\_validation.py", line 888, in _fit_and_score
    estimator.fit(X_train, y_train, **fit_params)
  File "C:\Users\pbard\.conda\envs\transplantML\Lib\site-packages\sklearn\base.py", line 1473, in wrapper
    return fit_method(estimator, *args, **kwargs)
           ^^^^^^^^^^^^^^^^^^^^^^^^^^^^^^^^^^^^^^
  File "C:\Users\pbard\.conda\envs\transplantML\Lib\site-packages\sklearn\linear_model\_omp.py", line 804, in fit
    coef_, self.n_iter_ = orthogonal_mp_gram(
                          ^^^^^^^^^^^^^^^^^^^
  File "C:\Users\pbard\.conda\envs\transplantML\Lib\site-packages\sklearn\utils\_param_validation.py", line 186, in wrapper
    return func(*args, **kwargs)
           ^^^^^^^^^^^^^^^^^^^^^
  File "C:\Users\pbard\.conda\envs\transplantML\Lib\site-packages\sklearn\linear_model\_omp.py", line 605, in orthogonal_mp_gram
    raise ValueError(
ValueError: The number of atoms cannot be more than the number of features

  warnings.warn(some_fits_failed_message, FitFailedWarning)
C:\Users\pbard\.conda\envs\transplantML\Lib\site-packages\sklearn\model_selection\_search.py:1052: UserWarning: One or more of the test scores are non-finite: [-489.52009271 -501.22632038           nan           nan           nan
           nan           nan]
  warnings.warn(
C:\Users\pbard\.conda\envs\transplantML\Lib\site-packages\sklearn\model_selection\_validation.py:540: FitFailedWarning: 
25 fits failed out of a total of 35.
The score on these train-test partitions for these parameters will be set to nan.
If these failures are not expected, you can try to debug them by setting error_score='raise'.

Below are more details about the failures:
--------------------------------------------------------------------------------
25 fits failed with the following error:
Traceback (most recent call last):
  File "C:\Users\pbard\.conda\envs\transplantML\Lib\site-packages\sklearn\model_selection\_validation.py", line 888, in _fit_and_score
    estimator.fit(X_train, y_train, **fit_params)
  File "C:\Users\pbard\.conda\envs\transplantML\Lib\site-packages\sklearn\base.py", line 1473, in wrapper
    return fit_method(estimator, *args, **kwargs)
           ^^^^^^^^^^^^^^^^^^^^^^^^^^^^^^^^^^^^^^
  File "C:\Users\pbard\.conda\envs\transplantML\Lib\site-packages\sklearn\linear_model\_omp.py", line 804, in fit
    coef_, self.n_iter_ = orthogonal_mp_gram(
                          ^^^^^^^^^^^^^^^^^^^
  File "C:\Users\pbard\.conda\envs\transplantML\Lib\site-packages\sklearn\utils\_param_validation.py", line 186, in wrapper
    return func(*args, **kwargs)
           ^^^^^^^^^^^^^^^^^^^^^
  File "C:\Users\pbard\.conda\envs\transplantML\Lib\site-packages\sklearn\linear_model\_omp.py", line 605, in orthogonal_mp_gram
    raise ValueError(
ValueError: The number of atoms cannot be more than the number of features

  warnings.warn(some_fits_failed_message, FitFailedWarning)
C:\Users\pbard\.conda\envs\transplantML\Lib\site-packages\sklearn\model_selection\_search.py:1052: UserWarning: One or more of the test scores are non-finite: [-513.9282117  -516.01433377           nan           nan           nan
           nan           nan]
  warnings.warn(
C:\Users\pbard\.conda\envs\transplantML\Lib\site-packages\sklearn\model_selection\_validation.py:540: FitFailedWarning: 
25 fits failed out of a total of 35.
The score on these train-test partitions for these parameters will be set to nan.
If these failures are not expected, you can try to debug them by setting error_score='raise'.

Below are more details about the failures:
--------------------------------------------------------------------------------
25 fits failed with the following error:
Traceback (most recent call last):
  File "C:\Users\pbard\.conda\envs\transplantML\Lib\site-packages\sklearn\model_selection\_validation.py", line 888, in _fit_and_score
    estimator.fit(X_train, y_train, **fit_params)
  File "C:\Users\pbard\.conda\envs\transplantML\Lib\site-packages\sklearn\base.py", line 1473, in wrapper
    return fit_method(estimator, *args, **kwargs)
           ^^^^^^^^^^^^^^^^^^^^^^^^^^^^^^^^^^^^^^
  File "C:\Users\pbard\.conda\envs\transplantML\Lib\site-packages\sklearn\linear_model\_omp.py", line 804, in fit
    coef_, self.n_iter_ = orthogonal_mp_gram(
                          ^^^^^^^^^^^^^^^^^^^
  File "C:\Users\pbard\.conda\envs\transplantML\Lib\site-packages\sklearn\utils\_param_validation.py", line 186, in wrapper
    return func(*args, **kwargs)
           ^^^^^^^^^^^^^^^^^^^^^
  File "C:\Users\pbard\.conda\envs\transplantML\Lib\site-packages\sklearn\linear_model\_omp.py", line 605, in orthogonal_mp_gram
    raise ValueError(
ValueError: The number of atoms cannot be more than the number of features

  warnings.warn(some_fits_failed_message, FitFailedWarning)
C:\Users\pbard\.conda\envs\transplantML\Lib\site-packages\sklearn\model_selection\_search.py:1052: UserWarning: One or more of the test scores are non-finite: [-549.9493813  -591.50246744           nan           nan           nan
           nan           nan]
  warnings.warn(
C:\Users\pbard\.conda\envs\transplantML\Lib\site-packages\sklearn\model_selection\_validation.py:540: FitFailedWarning: 
25 fits failed out of a total of 35.
The score on these train-test partitions for these parameters will be set to nan.
If these failures are not expected, you can try to debug them by setting error_score='raise'.

Below are more details about the failures:
--------------------------------------------------------------------------------
25 fits failed with the following error:
Traceback (most recent call last):
  File "C:\Users\pbard\.conda\envs\transplantML\Lib\site-packages\sklearn\model_selection\_validation.py", line 888, in _fit_and_score
    estimator.fit(X_train, y_train, **fit_params)
  File "C:\Users\pbard\.conda\envs\transplantML\Lib\site-packages\sklearn\base.py", line 1473, in wrapper
    return fit_method(estimator, *args, **kwargs)
           ^^^^^^^^^^^^^^^^^^^^^^^^^^^^^^^^^^^^^^
  File "C:\Users\pbard\.conda\envs\transplantML\Lib\site-packages\sklearn\linear_model\_omp.py", line 804, in fit
    coef_, self.n_iter_ = orthogonal_mp_gram(
                          ^^^^^^^^^^^^^^^^^^^
  File "C:\Users\pbard\.conda\envs\transplantML\Lib\site-packages\sklearn\utils\_param_validation.py", line 186, in wrapper
    return func(*args, **kwargs)
           ^^^^^^^^^^^^^^^^^^^^^
  File "C:\Users\pbard\.conda\envs\transplantML\Lib\site-packages\sklearn\linear_model\_omp.py", line 605, in orthogonal_mp_gram
    raise ValueError(
ValueError: The number of atoms cannot be more than the number of features

  warnings.warn(some_fits_failed_message, FitFailedWarning)
C:\Users\pbard\.conda\envs\transplantML\Lib\site-packages\sklearn\model_selection\_search.py:1052: UserWarning: One or more of the test scores are non-finite: [-547.50584532 -544.32264467           nan           nan           nan
           nan           nan]
  warnings.warn(
C:\Users\pbard\.conda\envs\transplantML\Lib\site-packages\sklearn\model_selection\_validation.py:540: FitFailedWarning: 
25 fits failed out of a total of 35.
The score on these train-test partitions for these parameters will be set to nan.
If these failures are not expected, you can try to debug them by setting error_score='raise'.

Below are more details about the failures:
--------------------------------------------------------------------------------
25 fits failed with the following error:
Traceback (most recent call last):
  File "C:\Users\pbard\.conda\envs\transplantML\Lib\site-packages\sklearn\model_selection\_validation.py", line 888, in _fit_and_score
    estimator.fit(X_train, y_train, **fit_params)
  File "C:\Users\pbard\.conda\envs\transplantML\Lib\site-packages\sklearn\base.py", line 1473, in wrapper
    return fit_method(estimator, *args, **kwargs)
           ^^^^^^^^^^^^^^^^^^^^^^^^^^^^^^^^^^^^^^
  File "C:\Users\pbard\.conda\envs\transplantML\Lib\site-packages\sklearn\linear_model\_omp.py", line 804, in fit
    coef_, self.n_iter_ = orthogonal_mp_gram(
                          ^^^^^^^^^^^^^^^^^^^
  File "C:\Users\pbard\.conda\envs\transplantML\Lib\site-packages\sklearn\utils\_param_validation.py", line 186, in wrapper
    return func(*args, **kwargs)
           ^^^^^^^^^^^^^^^^^^^^^
  File "C:\Users\pbard\.conda\envs\transplantML\Lib\site-packages\sklearn\linear_model\_omp.py", line 605, in orthogonal_mp_gram
    raise ValueError(
ValueError: The number of atoms cannot be more than the number of features

  warnings.warn(some_fits_failed_message, FitFailedWarning)
C:\Users\pbard\.conda\envs\transplantML\Lib\site-packages\sklearn\model_selection\_search.py:1052: UserWarning: One or more of the test scores are non-finite: [-486.35671118 -507.96674331           nan           nan           nan
           nan           nan]
  warnings.warn(
C:\Users\pbard\.conda\envs\transplantML\Lib\site-packages\sklearn\utils\_param_validation.py:186: RuntimeWarning: Orthogonal matching pursuit ended prematurely due to linear dependence in the dictionary. The requested precision might not have been met.
  return func(*args, **kwargs)
C:\Users\pbard\.conda\envs\transplantML\Lib\site-packages\sklearn\utils\_param_validation.py:186: RuntimeWarning: Orthogonal matching pursuit ended prematurely due to linear dependence in the dictionary. The requested precision might not have been met.
  return func(*args, **kwargs)
C:\Users\pbard\.conda\envs\transplantML\Lib\site-packages\sklearn\utils\_param_validation.py:186: RuntimeWarning: Orthogonal matching pursuit ended prematurely due to linear dependence in the dictionary. The requested precision might not have been met.
  return func(*args, **kwargs)
C:\Users\pbard\.conda\envs\transplantML\Lib\site-packages\sklearn\utils\_param_validation.py:186: RuntimeWarning: Orthogonal matching pursuit ended prematurely due to linear dependence in the dictionary. The requested precision might not have been met.
  return func(*args, **kwargs)
C:\Users\pbard\.conda\envs\transplantML\Lib\site-packages\sklearn\utils\_param_validation.py:186: RuntimeWarning: Orthogonal matching pursuit ended prematurely due to linear dependence in the dictionary. The requested precision might not have been met.
  return func(*args, **kwargs)
C:\Users\pbard\.conda\envs\transplantML\Lib\site-packages\sklearn\model_selection\_validation.py:540: FitFailedWarning: 
10 fits failed out of a total of 35.
The score on these train-test partitions for these parameters will be set to nan.
If these failures are not expected, you can try to debug them by setting error_score='raise'.

Below are more details about the failures:
--------------------------------------------------------------------------------
10 fits failed with the following error:
Traceback (most recent call last):
  File "C:\Users\pbard\.conda\envs\transplantML\Lib\site-packages\sklearn\model_selection\_validation.py", line 888, in _fit_and_score
    estimator.fit(X_train, y_train, **fit_params)
  File "C:\Users\pbard\.conda\envs\transplantML\Lib\site-packages\sklearn\base.py", line 1473, in wrapper
    return fit_method(estimator, *args, **kwargs)
           ^^^^^^^^^^^^^^^^^^^^^^^^^^^^^^^^^^^^^^
  File "C:\Users\pbard\.conda\envs\transplantML\Lib\site-packages\sklearn\linear_model\_omp.py", line 804, in fit
    coef_, self.n_iter_ = orthogonal_mp_gram(
                          ^^^^^^^^^^^^^^^^^^^
  File "C:\Users\pbard\.conda\envs\transplantML\Lib\site-packages\sklearn\utils\_param_validation.py", line 186, in wrapper
    return func(*args, **kwargs)
           ^^^^^^^^^^^^^^^^^^^^^
  File "C:\Users\pbard\.conda\envs\transplantML\Lib\site-packages\sklearn\linear_model\_omp.py", line 605, in orthogonal_mp_gram
    raise ValueError(
ValueError: The number of atoms cannot be more than the number of features

  warnings.warn(some_fits_failed_message, FitFailedWarning)
C:\Users\pbard\.conda\envs\transplantML\Lib\site-packages\sklearn\model_selection\_search.py:1052: UserWarning: One or more of the test scores are non-finite: [-662.76209683 -681.52530705 -367.09532288 -425.09171328 -526.81823595
           nan           nan]
  warnings.warn(
C:\Users\pbard\.conda\envs\transplantML\Lib\site-packages\sklearn\model_selection\_validation.py:540: FitFailedWarning: 
10 fits failed out of a total of 35.
The score on these train-test partitions for these parameters will be set to nan.
If these failures are not expected, you can try to debug them by setting error_score='raise'.

Below are more details about the failures:
--------------------------------------------------------------------------------
10 fits failed with the following error:
Traceback (most recent call last):
  File "C:\Users\pbard\.conda\envs\transplantML\Lib\site-packages\sklearn\model_selection\_validation.py", line 888, in _fit_and_score
    estimator.fit(X_train, y_train, **fit_params)
  File "C:\Users\pbard\.conda\envs\transplantML\Lib\site-packages\sklearn\base.py", line 1473, in wrapper
    return fit_method(estimator, *args, **kwargs)
           ^^^^^^^^^^^^^^^^^^^^^^^^^^^^^^^^^^^^^^
  File "C:\Users\pbard\.conda\envs\transplantML\Lib\site-packages\sklearn\linear_model\_omp.py", line 804, in fit
    coef_, self.n_iter_ = orthogonal_mp_gram(
                          ^^^^^^^^^^^^^^^^^^^
  File "C:\Users\pbard\.conda\envs\transplantML\Lib\site-packages\sklearn\utils\_param_validation.py", line 186, in wrapper
    return func(*args, **kwargs)
           ^^^^^^^^^^^^^^^^^^^^^
  File "C:\Users\pbard\.conda\envs\transplantML\Lib\site-packages\sklearn\linear_model\_omp.py", line 605, in orthogonal_mp_gram
    raise ValueError(
ValueError: The number of atoms cannot be more than the number of features

  warnings.warn(some_fits_failed_message, FitFailedWarning)
C:\Users\pbard\.conda\envs\transplantML\Lib\site-packages\sklearn\model_selection\_search.py:1052: UserWarning: One or more of the test scores are non-finite: [-644.95929249 -633.98808822 -331.53315149 -460.70068413 -602.48201256
           nan           nan]
  warnings.warn(
C:\Users\pbard\.conda\envs\transplantML\Lib\site-packages\sklearn\model_selection\_validation.py:540: FitFailedWarning: 
10 fits failed out of a total of 35.
The score on these train-test partitions for these parameters will be set to nan.
If these failures are not expected, you can try to debug them by setting error_score='raise'.

Below are more details about the failures:
--------------------------------------------------------------------------------
10 fits failed with the following error:
Traceback (most recent call last):
  File "C:\Users\pbard\.conda\envs\transplantML\Lib\site-packages\sklearn\model_selection\_validation.py", line 888, in _fit_and_score
    estimator.fit(X_train, y_train, **fit_params)
  File "C:\Users\pbard\.conda\envs\transplantML\Lib\site-packages\sklearn\base.py", line 1473, in wrapper
    return fit_method(estimator, *args, **kwargs)
           ^^^^^^^^^^^^^^^^^^^^^^^^^^^^^^^^^^^^^^
  File "C:\Users\pbard\.conda\envs\transplantML\Lib\site-packages\sklearn\linear_model\_omp.py", line 804, in fit
    coef_, self.n_iter_ = orthogonal_mp_gram(
                          ^^^^^^^^^^^^^^^^^^^
  File "C:\Users\pbard\.conda\envs\transplantML\Lib\site-packages\sklearn\utils\_param_validation.py", line 186, in wrapper
    return func(*args, **kwargs)
           ^^^^^^^^^^^^^^^^^^^^^
  File "C:\Users\pbard\.conda\envs\transplantML\Lib\site-packages\sklearn\linear_model\_omp.py", line 605, in orthogonal_mp_gram
    raise ValueError(
ValueError: The number of atoms cannot be more than the number of features

  warnings.warn(some_fits_failed_message, FitFailedWarning)
C:\Users\pbard\.conda\envs\transplantML\Lib\site-packages\sklearn\model_selection\_search.py:1052: UserWarning: One or more of the test scores are non-finite: [-758.04024201 -793.46977297 -305.94584732 -398.3288841  -750.6499108
           nan           nan]
  warnings.warn(
C:\Users\pbard\.conda\envs\transplantML\Lib\site-packages\sklearn\model_selection\_validation.py:540: FitFailedWarning: 
10 fits failed out of a total of 35.
The score on these train-test partitions for these parameters will be set to nan.
If these failures are not expected, you can try to debug them by setting error_score='raise'.

Below are more details about the failures:
--------------------------------------------------------------------------------
10 fits failed with the following error:
Traceback (most recent call last):
  File "C:\Users\pbard\.conda\envs\transplantML\Lib\site-packages\sklearn\model_selection\_validation.py", line 888, in _fit_and_score
    estimator.fit(X_train, y_train, **fit_params)
  File "C:\Users\pbard\.conda\envs\transplantML\Lib\site-packages\sklearn\base.py", line 1473, in wrapper
    return fit_method(estimator, *args, **kwargs)
           ^^^^^^^^^^^^^^^^^^^^^^^^^^^^^^^^^^^^^^
  File "C:\Users\pbard\.conda\envs\transplantML\Lib\site-packages\sklearn\linear_model\_omp.py", line 804, in fit
    coef_, self.n_iter_ = orthogonal_mp_gram(
                          ^^^^^^^^^^^^^^^^^^^
  File "C:\Users\pbard\.conda\envs\transplantML\Lib\site-packages\sklearn\utils\_param_validation.py", line 186, in wrapper
    return func(*args, **kwargs)
           ^^^^^^^^^^^^^^^^^^^^^
  File "C:\Users\pbard\.conda\envs\transplantML\Lib\site-packages\sklearn\linear_model\_omp.py", line 605, in orthogonal_mp_gram
    raise ValueError(
ValueError: The number of atoms cannot be more than the number of features

  warnings.warn(some_fits_failed_message, FitFailedWarning)
C:\Users\pbard\.conda\envs\transplantML\Lib\site-packages\sklearn\model_selection\_search.py:1052: UserWarning: One or more of the test scores are non-finite: [-817.47149157 -828.33894555 -393.89803854 -397.62555709 -654.23272144
           nan           nan]
  warnings.warn(
C:\Users\pbard\.conda\envs\transplantML\Lib\site-packages\sklearn\model_selection\_validation.py:540: FitFailedWarning: 
10 fits failed out of a total of 35.
The score on these train-test partitions for these parameters will be set to nan.
If these failures are not expected, you can try to debug them by setting error_score='raise'.

Below are more details about the failures:
--------------------------------------------------------------------------------
10 fits failed with the following error:
Traceback (most recent call last):
  File "C:\Users\pbard\.conda\envs\transplantML\Lib\site-packages\sklearn\model_selection\_validation.py", line 888, in _fit_and_score
    estimator.fit(X_train, y_train, **fit_params)
  File "C:\Users\pbard\.conda\envs\transplantML\Lib\site-packages\sklearn\base.py", line 1473, in wrapper
    return fit_method(estimator, *args, **kwargs)
           ^^^^^^^^^^^^^^^^^^^^^^^^^^^^^^^^^^^^^^
  File "C:\Users\pbard\.conda\envs\transplantML\Lib\site-packages\sklearn\linear_model\_omp.py", line 804, in fit
    coef_, self.n_iter_ = orthogonal_mp_gram(
                          ^^^^^^^^^^^^^^^^^^^
  File "C:\Users\pbard\.conda\envs\transplantML\Lib\site-packages\sklearn\utils\_param_validation.py", line 186, in wrapper
    return func(*args, **kwargs)
           ^^^^^^^^^^^^^^^^^^^^^
  File "C:\Users\pbard\.conda\envs\transplantML\Lib\site-packages\sklearn\linear_model\_omp.py", line 605, in orthogonal_mp_gram
    raise ValueError(
ValueError: The number of atoms cannot be more than the number of features

  warnings.warn(some_fits_failed_message, FitFailedWarning)
C:\Users\pbard\.conda\envs\transplantML\Lib\site-packages\sklearn\model_selection\_search.py:1052: UserWarning: One or more of the test scores are non-finite: [-835.27931927 -780.06508829 -390.65395837 -462.31262497 -781.40401989
           nan           nan]
  warnings.warn(
C:\Users\pbard\.conda\envs\transplantML\Lib\site-packages\sklearn\utils\_param_validation.py:186: RuntimeWarning: Orthogonal matching pursuit ended prematurely due to linear dependence in the dictionary. The requested precision might not have been met.
  return func(*args, **kwargs)
C:\Users\pbard\.conda\envs\transplantML\Lib\site-packages\sklearn\model_selection\_validation.py:540: FitFailedWarning: 
10 fits failed out of a total of 35.
The score on these train-test partitions for these parameters will be set to nan.
If these failures are not expected, you can try to debug them by setting error_score='raise'.

Below are more details about the failures:
--------------------------------------------------------------------------------
10 fits failed with the following error:
Traceback (most recent call last):
  File "C:\Users\pbard\.conda\envs\transplantML\Lib\site-packages\sklearn\model_selection\_validation.py", line 888, in _fit_and_score
    estimator.fit(X_train, y_train, **fit_params)
  File "C:\Users\pbard\.conda\envs\transplantML\Lib\site-packages\sklearn\base.py", line 1473, in wrapper
    return fit_method(estimator, *args, **kwargs)
           ^^^^^^^^^^^^^^^^^^^^^^^^^^^^^^^^^^^^^^
  File "C:\Users\pbard\.conda\envs\transplantML\Lib\site-packages\sklearn\linear_model\_omp.py", line 804, in fit
    coef_, self.n_iter_ = orthogonal_mp_gram(
                          ^^^^^^^^^^^^^^^^^^^
  File "C:\Users\pbard\.conda\envs\transplantML\Lib\site-packages\sklearn\utils\_param_validation.py", line 186, in wrapper
    return func(*args, **kwargs)
           ^^^^^^^^^^^^^^^^^^^^^
  File "C:\Users\pbard\.conda\envs\transplantML\Lib\site-packages\sklearn\linear_model\_omp.py", line 605, in orthogonal_mp_gram
    raise ValueError(
ValueError: The number of atoms cannot be more than the number of features

  warnings.warn(some_fits_failed_message, FitFailedWarning)
C:\Users\pbard\.conda\envs\transplantML\Lib\site-packages\sklearn\model_selection\_search.py:1052: UserWarning: One or more of the test scores are non-finite: [-591.29871531 -631.43670182 -337.92023879 -379.82385656 -608.27804208
           nan           nan]
  warnings.warn(
C:\Users\pbard\.conda\envs\transplantML\Lib\site-packages\sklearn\model_selection\_validation.py:540: FitFailedWarning: 
10 fits failed out of a total of 35.
The score on these train-test partitions for these parameters will be set to nan.
If these failures are not expected, you can try to debug them by setting error_score='raise'.

Below are more details about the failures:
--------------------------------------------------------------------------------
10 fits failed with the following error:
Traceback (most recent call last):
  File "C:\Users\pbard\.conda\envs\transplantML\Lib\site-packages\sklearn\model_selection\_validation.py", line 888, in _fit_and_score
    estimator.fit(X_train, y_train, **fit_params)
  File "C:\Users\pbard\.conda\envs\transplantML\Lib\site-packages\sklearn\base.py", line 1473, in wrapper
    return fit_method(estimator, *args, **kwargs)
           ^^^^^^^^^^^^^^^^^^^^^^^^^^^^^^^^^^^^^^
  File "C:\Users\pbard\.conda\envs\transplantML\Lib\site-packages\sklearn\linear_model\_omp.py", line 804, in fit
    coef_, self.n_iter_ = orthogonal_mp_gram(
                          ^^^^^^^^^^^^^^^^^^^
  File "C:\Users\pbard\.conda\envs\transplantML\Lib\site-packages\sklearn\utils\_param_validation.py", line 186, in wrapper
    return func(*args, **kwargs)
           ^^^^^^^^^^^^^^^^^^^^^
  File "C:\Users\pbard\.conda\envs\transplantML\Lib\site-packages\sklearn\linear_model\_omp.py", line 605, in orthogonal_mp_gram
    raise ValueError(
ValueError: The number of atoms cannot be more than the number of features

  warnings.warn(some_fits_failed_message, FitFailedWarning)
C:\Users\pbard\.conda\envs\transplantML\Lib\site-packages\sklearn\model_selection\_search.py:1052: UserWarning: One or more of the test scores are non-finite: [-707.42104697 -718.95844826 -283.82006009 -457.71373389 -640.39372771
           nan           nan]
  warnings.warn(
C:\Users\pbard\.conda\envs\transplantML\Lib\site-packages\sklearn\model_selection\_validation.py:540: FitFailedWarning: 
10 fits failed out of a total of 35.
The score on these train-test partitions for these parameters will be set to nan.
If these failures are not expected, you can try to debug them by setting error_score='raise'.

Below are more details about the failures:
--------------------------------------------------------------------------------
10 fits failed with the following error:
Traceback (most recent call last):
  File "C:\Users\pbard\.conda\envs\transplantML\Lib\site-packages\sklearn\model_selection\_validation.py", line 888, in _fit_and_score
    estimator.fit(X_train, y_train, **fit_params)
  File "C:\Users\pbard\.conda\envs\transplantML\Lib\site-packages\sklearn\base.py", line 1473, in wrapper
    return fit_method(estimator, *args, **kwargs)
           ^^^^^^^^^^^^^^^^^^^^^^^^^^^^^^^^^^^^^^
  File "C:\Users\pbard\.conda\envs\transplantML\Lib\site-packages\sklearn\linear_model\_omp.py", line 804, in fit
    coef_, self.n_iter_ = orthogonal_mp_gram(
                          ^^^^^^^^^^^^^^^^^^^
  File "C:\Users\pbard\.conda\envs\transplantML\Lib\site-packages\sklearn\utils\_param_validation.py", line 186, in wrapper
    return func(*args, **kwargs)
           ^^^^^^^^^^^^^^^^^^^^^
  File "C:\Users\pbard\.conda\envs\transplantML\Lib\site-packages\sklearn\linear_model\_omp.py", line 605, in orthogonal_mp_gram
    raise ValueError(
ValueError: The number of atoms cannot be more than the number of features

  warnings.warn(some_fits_failed_message, FitFailedWarning)
C:\Users\pbard\.conda\envs\transplantML\Lib\site-packages\sklearn\model_selection\_search.py:1052: UserWarning: One or more of the test scores are non-finite: [-847.59467785 -862.75226364 -355.61683896 -439.53008077 -660.14471006
           nan           nan]
  warnings.warn(
C:\Users\pbard\.conda\envs\transplantML\Lib\site-packages\sklearn\utils\_param_validation.py:186: RuntimeWarning: Orthogonal matching pursuit ended prematurely due to linear dependence in the dictionary. The requested precision might not have been met.
  return func(*args, **kwargs)
C:\Users\pbard\.conda\envs\transplantML\Lib\site-packages\sklearn\model_selection\_validation.py:540: FitFailedWarning: 
10 fits failed out of a total of 35.
The score on these train-test partitions for these parameters will be set to nan.
If these failures are not expected, you can try to debug them by setting error_score='raise'.

Below are more details about the failures:
--------------------------------------------------------------------------------
10 fits failed with the following error:
Traceback (most recent call last):
  File "C:\Users\pbard\.conda\envs\transplantML\Lib\site-packages\sklearn\model_selection\_validation.py", line 888, in _fit_and_score
    estimator.fit(X_train, y_train, **fit_params)
  File "C:\Users\pbard\.conda\envs\transplantML\Lib\site-packages\sklearn\base.py", line 1473, in wrapper
    return fit_method(estimator, *args, **kwargs)
           ^^^^^^^^^^^^^^^^^^^^^^^^^^^^^^^^^^^^^^
  File "C:\Users\pbard\.conda\envs\transplantML\Lib\site-packages\sklearn\linear_model\_omp.py", line 804, in fit
    coef_, self.n_iter_ = orthogonal_mp_gram(
                          ^^^^^^^^^^^^^^^^^^^
  File "C:\Users\pbard\.conda\envs\transplantML\Lib\site-packages\sklearn\utils\_param_validation.py", line 186, in wrapper
    return func(*args, **kwargs)
           ^^^^^^^^^^^^^^^^^^^^^
  File "C:\Users\pbard\.conda\envs\transplantML\Lib\site-packages\sklearn\linear_model\_omp.py", line 605, in orthogonal_mp_gram
    raise ValueError(
ValueError: The number of atoms cannot be more than the number of features

  warnings.warn(some_fits_failed_message, FitFailedWarning)
C:\Users\pbard\.conda\envs\transplantML\Lib\site-packages\sklearn\model_selection\_search.py:1052: UserWarning: One or more of the test scores are non-finite: [-774.02721143 -806.30556424 -375.39365351 -381.52761113 -708.61127023
           nan           nan]
  warnings.warn(
C:\Users\pbard\.conda\envs\transplantML\Lib\site-packages\sklearn\model_selection\_validation.py:540: FitFailedWarning: 
10 fits failed out of a total of 35.
The score on these train-test partitions for these parameters will be set to nan.
If these failures are not expected, you can try to debug them by setting error_score='raise'.

Below are more details about the failures:
--------------------------------------------------------------------------------
10 fits failed with the following error:
Traceback (most recent call last):
  File "C:\Users\pbard\.conda\envs\transplantML\Lib\site-packages\sklearn\model_selection\_validation.py", line 888, in _fit_and_score
    estimator.fit(X_train, y_train, **fit_params)
  File "C:\Users\pbard\.conda\envs\transplantML\Lib\site-packages\sklearn\base.py", line 1473, in wrapper
    return fit_method(estimator, *args, **kwargs)
           ^^^^^^^^^^^^^^^^^^^^^^^^^^^^^^^^^^^^^^
  File "C:\Users\pbard\.conda\envs\transplantML\Lib\site-packages\sklearn\linear_model\_omp.py", line 804, in fit
    coef_, self.n_iter_ = orthogonal_mp_gram(
                          ^^^^^^^^^^^^^^^^^^^
  File "C:\Users\pbard\.conda\envs\transplantML\Lib\site-packages\sklearn\utils\_param_validation.py", line 186, in wrapper
    return func(*args, **kwargs)
           ^^^^^^^^^^^^^^^^^^^^^
  File "C:\Users\pbard\.conda\envs\transplantML\Lib\site-packages\sklearn\linear_model\_omp.py", line 605, in orthogonal_mp_gram
    raise ValueError(
ValueError: The number of atoms cannot be more than the number of features

  warnings.warn(some_fits_failed_message, FitFailedWarning)
C:\Users\pbard\.conda\envs\transplantML\Lib\site-packages\sklearn\model_selection\_search.py:1052: UserWarning: One or more of the test scores are non-finite: [-736.65635071 -700.41883059 -372.27991544 -382.89390229 -598.29452624
           nan           nan]
  warnings.warn(
C:\Users\pbard\.conda\envs\transplantML\Lib\site-packages\sklearn\model_selection\_validation.py:540: FitFailedWarning: 
15 fits failed out of a total of 35.
The score on these train-test partitions for these parameters will be set to nan.
If these failures are not expected, you can try to debug them by setting error_score='raise'.

Below are more details about the failures:
--------------------------------------------------------------------------------
15 fits failed with the following error:
Traceback (most recent call last):
  File "C:\Users\pbard\.conda\envs\transplantML\Lib\site-packages\sklearn\model_selection\_validation.py", line 888, in _fit_and_score
    estimator.fit(X_train, y_train, **fit_params)
  File "C:\Users\pbard\.conda\envs\transplantML\Lib\site-packages\sklearn\base.py", line 1473, in wrapper
    return fit_method(estimator, *args, **kwargs)
           ^^^^^^^^^^^^^^^^^^^^^^^^^^^^^^^^^^^^^^
  File "C:\Users\pbard\.conda\envs\transplantML\Lib\site-packages\sklearn\linear_model\_omp.py", line 804, in fit
    coef_, self.n_iter_ = orthogonal_mp_gram(
                          ^^^^^^^^^^^^^^^^^^^
  File "C:\Users\pbard\.conda\envs\transplantML\Lib\site-packages\sklearn\utils\_param_validation.py", line 186, in wrapper
    return func(*args, **kwargs)
           ^^^^^^^^^^^^^^^^^^^^^
  File "C:\Users\pbard\.conda\envs\transplantML\Lib\site-packages\sklearn\linear_model\_omp.py", line 605, in orthogonal_mp_gram
    raise ValueError(
ValueError: The number of atoms cannot be more than the number of features

  warnings.warn(some_fits_failed_message, FitFailedWarning)
C:\Users\pbard\.conda\envs\transplantML\Lib\site-packages\sklearn\model_selection\_search.py:1052: UserWarning: One or more of the test scores are non-finite: [-662.76209683 -681.52530705 -352.34547786 -382.3372016            nan
           nan           nan]
  warnings.warn(
C:\Users\pbard\.conda\envs\transplantML\Lib\site-packages\sklearn\model_selection\_validation.py:540: FitFailedWarning: 
15 fits failed out of a total of 35.
The score on these train-test partitions for these parameters will be set to nan.
If these failures are not expected, you can try to debug them by setting error_score='raise'.

Below are more details about the failures:
--------------------------------------------------------------------------------
15 fits failed with the following error:
Traceback (most recent call last):
  File "C:\Users\pbard\.conda\envs\transplantML\Lib\site-packages\sklearn\model_selection\_validation.py", line 888, in _fit_and_score
    estimator.fit(X_train, y_train, **fit_params)
  File "C:\Users\pbard\.conda\envs\transplantML\Lib\site-packages\sklearn\base.py", line 1473, in wrapper
    return fit_method(estimator, *args, **kwargs)
           ^^^^^^^^^^^^^^^^^^^^^^^^^^^^^^^^^^^^^^
  File "C:\Users\pbard\.conda\envs\transplantML\Lib\site-packages\sklearn\linear_model\_omp.py", line 804, in fit
    coef_, self.n_iter_ = orthogonal_mp_gram(
                          ^^^^^^^^^^^^^^^^^^^
  File "C:\Users\pbard\.conda\envs\transplantML\Lib\site-packages\sklearn\utils\_param_validation.py", line 186, in wrapper
    return func(*args, **kwargs)
           ^^^^^^^^^^^^^^^^^^^^^
  File "C:\Users\pbard\.conda\envs\transplantML\Lib\site-packages\sklearn\linear_model\_omp.py", line 605, in orthogonal_mp_gram
    raise ValueError(
ValueError: The number of atoms cannot be more than the number of features

  warnings.warn(some_fits_failed_message, FitFailedWarning)
C:\Users\pbard\.conda\envs\transplantML\Lib\site-packages\sklearn\model_selection\_search.py:1052: UserWarning: One or more of the test scores are non-finite: [-644.95929249 -633.98808822 -323.57536827 -544.95753635           nan
           nan           nan]
  warnings.warn(
C:\Users\pbard\.conda\envs\transplantML\Lib\site-packages\sklearn\model_selection\_validation.py:540: FitFailedWarning: 
15 fits failed out of a total of 35.
The score on these train-test partitions for these parameters will be set to nan.
If these failures are not expected, you can try to debug them by setting error_score='raise'.

Below are more details about the failures:
--------------------------------------------------------------------------------
15 fits failed with the following error:
Traceback (most recent call last):
  File "C:\Users\pbard\.conda\envs\transplantML\Lib\site-packages\sklearn\model_selection\_validation.py", line 888, in _fit_and_score
    estimator.fit(X_train, y_train, **fit_params)
  File "C:\Users\pbard\.conda\envs\transplantML\Lib\site-packages\sklearn\base.py", line 1473, in wrapper
    return fit_method(estimator, *args, **kwargs)
           ^^^^^^^^^^^^^^^^^^^^^^^^^^^^^^^^^^^^^^
  File "C:\Users\pbard\.conda\envs\transplantML\Lib\site-packages\sklearn\linear_model\_omp.py", line 804, in fit
    coef_, self.n_iter_ = orthogonal_mp_gram(
                          ^^^^^^^^^^^^^^^^^^^
  File "C:\Users\pbard\.conda\envs\transplantML\Lib\site-packages\sklearn\utils\_param_validation.py", line 186, in wrapper
    return func(*args, **kwargs)
           ^^^^^^^^^^^^^^^^^^^^^
  File "C:\Users\pbard\.conda\envs\transplantML\Lib\site-packages\sklearn\linear_model\_omp.py", line 605, in orthogonal_mp_gram
    raise ValueError(
ValueError: The number of atoms cannot be more than the number of features

  warnings.warn(some_fits_failed_message, FitFailedWarning)
C:\Users\pbard\.conda\envs\transplantML\Lib\site-packages\sklearn\model_selection\_search.py:1052: UserWarning: One or more of the test scores are non-finite: [-758.04024201 -793.46977297 -305.94584732 -390.01201683           nan
           nan           nan]
  warnings.warn(
C:\Users\pbard\.conda\envs\transplantML\Lib\site-packages\sklearn\model_selection\_validation.py:540: FitFailedWarning: 
15 fits failed out of a total of 35.
The score on these train-test partitions for these parameters will be set to nan.
If these failures are not expected, you can try to debug them by setting error_score='raise'.

Below are more details about the failures:
--------------------------------------------------------------------------------
15 fits failed with the following error:
Traceback (most recent call last):
  File "C:\Users\pbard\.conda\envs\transplantML\Lib\site-packages\sklearn\model_selection\_validation.py", line 888, in _fit_and_score
    estimator.fit(X_train, y_train, **fit_params)
  File "C:\Users\pbard\.conda\envs\transplantML\Lib\site-packages\sklearn\base.py", line 1473, in wrapper
    return fit_method(estimator, *args, **kwargs)
           ^^^^^^^^^^^^^^^^^^^^^^^^^^^^^^^^^^^^^^
  File "C:\Users\pbard\.conda\envs\transplantML\Lib\site-packages\sklearn\linear_model\_omp.py", line 804, in fit
    coef_, self.n_iter_ = orthogonal_mp_gram(
                          ^^^^^^^^^^^^^^^^^^^
  File "C:\Users\pbard\.conda\envs\transplantML\Lib\site-packages\sklearn\utils\_param_validation.py", line 186, in wrapper
    return func(*args, **kwargs)
           ^^^^^^^^^^^^^^^^^^^^^
  File "C:\Users\pbard\.conda\envs\transplantML\Lib\site-packages\sklearn\linear_model\_omp.py", line 605, in orthogonal_mp_gram
    raise ValueError(
ValueError: The number of atoms cannot be more than the number of features

  warnings.warn(some_fits_failed_message, FitFailedWarning)
C:\Users\pbard\.conda\envs\transplantML\Lib\site-packages\sklearn\model_selection\_search.py:1052: UserWarning: One or more of the test scores are non-finite: [-817.47149157 -828.33894555 -390.85951623 -539.78437948           nan
           nan           nan]
  warnings.warn(
C:\Users\pbard\.conda\envs\transplantML\Lib\site-packages\sklearn\model_selection\_validation.py:540: FitFailedWarning: 
15 fits failed out of a total of 35.
The score on these train-test partitions for these parameters will be set to nan.
If these failures are not expected, you can try to debug them by setting error_score='raise'.

Below are more details about the failures:
--------------------------------------------------------------------------------
15 fits failed with the following error:
Traceback (most recent call last):
  File "C:\Users\pbard\.conda\envs\transplantML\Lib\site-packages\sklearn\model_selection\_validation.py", line 888, in _fit_and_score
    estimator.fit(X_train, y_train, **fit_params)
  File "C:\Users\pbard\.conda\envs\transplantML\Lib\site-packages\sklearn\base.py", line 1473, in wrapper
    return fit_method(estimator, *args, **kwargs)
           ^^^^^^^^^^^^^^^^^^^^^^^^^^^^^^^^^^^^^^
  File "C:\Users\pbard\.conda\envs\transplantML\Lib\site-packages\sklearn\linear_model\_omp.py", line 804, in fit
    coef_, self.n_iter_ = orthogonal_mp_gram(
                          ^^^^^^^^^^^^^^^^^^^
  File "C:\Users\pbard\.conda\envs\transplantML\Lib\site-packages\sklearn\utils\_param_validation.py", line 186, in wrapper
    return func(*args, **kwargs)
           ^^^^^^^^^^^^^^^^^^^^^
  File "C:\Users\pbard\.conda\envs\transplantML\Lib\site-packages\sklearn\linear_model\_omp.py", line 605, in orthogonal_mp_gram
    raise ValueError(
ValueError: The number of atoms cannot be more than the number of features

  warnings.warn(some_fits_failed_message, FitFailedWarning)
C:\Users\pbard\.conda\envs\transplantML\Lib\site-packages\sklearn\model_selection\_search.py:1052: UserWarning: One or more of the test scores are non-finite: [-835.27931927 -780.06508829 -388.69136374 -526.4439308            nan
           nan           nan]
  warnings.warn(
C:\Users\pbard\.conda\envs\transplantML\Lib\site-packages\sklearn\model_selection\_validation.py:540: FitFailedWarning: 
15 fits failed out of a total of 35.
The score on these train-test partitions for these parameters will be set to nan.
If these failures are not expected, you can try to debug them by setting error_score='raise'.

Below are more details about the failures:
--------------------------------------------------------------------------------
15 fits failed with the following error:
Traceback (most recent call last):
  File "C:\Users\pbard\.conda\envs\transplantML\Lib\site-packages\sklearn\model_selection\_validation.py", line 888, in _fit_and_score
    estimator.fit(X_train, y_train, **fit_params)
  File "C:\Users\pbard\.conda\envs\transplantML\Lib\site-packages\sklearn\base.py", line 1473, in wrapper
    return fit_method(estimator, *args, **kwargs)
           ^^^^^^^^^^^^^^^^^^^^^^^^^^^^^^^^^^^^^^
  File "C:\Users\pbard\.conda\envs\transplantML\Lib\site-packages\sklearn\linear_model\_omp.py", line 804, in fit
    coef_, self.n_iter_ = orthogonal_mp_gram(
                          ^^^^^^^^^^^^^^^^^^^
  File "C:\Users\pbard\.conda\envs\transplantML\Lib\site-packages\sklearn\utils\_param_validation.py", line 186, in wrapper
    return func(*args, **kwargs)
           ^^^^^^^^^^^^^^^^^^^^^
  File "C:\Users\pbard\.conda\envs\transplantML\Lib\site-packages\sklearn\linear_model\_omp.py", line 605, in orthogonal_mp_gram
    raise ValueError(
ValueError: The number of atoms cannot be more than the number of features

  warnings.warn(some_fits_failed_message, FitFailedWarning)
C:\Users\pbard\.conda\envs\transplantML\Lib\site-packages\sklearn\model_selection\_search.py:1052: UserWarning: One or more of the test scores are non-finite: [-591.29871531 -631.43670182 -332.03568755 -420.80754462           nan
           nan           nan]
  warnings.warn(
C:\Users\pbard\.conda\envs\transplantML\Lib\site-packages\sklearn\model_selection\_validation.py:540: FitFailedWarning: 
15 fits failed out of a total of 35.
The score on these train-test partitions for these parameters will be set to nan.
If these failures are not expected, you can try to debug them by setting error_score='raise'.

Below are more details about the failures:
--------------------------------------------------------------------------------
15 fits failed with the following error:
Traceback (most recent call last):
  File "C:\Users\pbard\.conda\envs\transplantML\Lib\site-packages\sklearn\model_selection\_validation.py", line 888, in _fit_and_score
    estimator.fit(X_train, y_train, **fit_params)
  File "C:\Users\pbard\.conda\envs\transplantML\Lib\site-packages\sklearn\base.py", line 1473, in wrapper
    return fit_method(estimator, *args, **kwargs)
           ^^^^^^^^^^^^^^^^^^^^^^^^^^^^^^^^^^^^^^
  File "C:\Users\pbard\.conda\envs\transplantML\Lib\site-packages\sklearn\linear_model\_omp.py", line 804, in fit
    coef_, self.n_iter_ = orthogonal_mp_gram(
                          ^^^^^^^^^^^^^^^^^^^
  File "C:\Users\pbard\.conda\envs\transplantML\Lib\site-packages\sklearn\utils\_param_validation.py", line 186, in wrapper
    return func(*args, **kwargs)
           ^^^^^^^^^^^^^^^^^^^^^
  File "C:\Users\pbard\.conda\envs\transplantML\Lib\site-packages\sklearn\linear_model\_omp.py", line 605, in orthogonal_mp_gram
    raise ValueError(
ValueError: The number of atoms cannot be more than the number of features

  warnings.warn(some_fits_failed_message, FitFailedWarning)
C:\Users\pbard\.conda\envs\transplantML\Lib\site-packages\sklearn\model_selection\_search.py:1052: UserWarning: One or more of the test scores are non-finite: [-707.42104697 -718.95844826 -308.9645485  -436.36956216           nan
           nan           nan]
  warnings.warn(
C:\Users\pbard\.conda\envs\transplantML\Lib\site-packages\sklearn\model_selection\_validation.py:540: FitFailedWarning: 
15 fits failed out of a total of 35.
The score on these train-test partitions for these parameters will be set to nan.
If these failures are not expected, you can try to debug them by setting error_score='raise'.

Below are more details about the failures:
--------------------------------------------------------------------------------
15 fits failed with the following error:
Traceback (most recent call last):
  File "C:\Users\pbard\.conda\envs\transplantML\Lib\site-packages\sklearn\model_selection\_validation.py", line 888, in _fit_and_score
    estimator.fit(X_train, y_train, **fit_params)
  File "C:\Users\pbard\.conda\envs\transplantML\Lib\site-packages\sklearn\base.py", line 1473, in wrapper
    return fit_method(estimator, *args, **kwargs)
           ^^^^^^^^^^^^^^^^^^^^^^^^^^^^^^^^^^^^^^
  File "C:\Users\pbard\.conda\envs\transplantML\Lib\site-packages\sklearn\linear_model\_omp.py", line 804, in fit
    coef_, self.n_iter_ = orthogonal_mp_gram(
                          ^^^^^^^^^^^^^^^^^^^
  File "C:\Users\pbard\.conda\envs\transplantML\Lib\site-packages\sklearn\utils\_param_validation.py", line 186, in wrapper
    return func(*args, **kwargs)
           ^^^^^^^^^^^^^^^^^^^^^
  File "C:\Users\pbard\.conda\envs\transplantML\Lib\site-packages\sklearn\linear_model\_omp.py", line 605, in orthogonal_mp_gram
    raise ValueError(
ValueError: The number of atoms cannot be more than the number of features

  warnings.warn(some_fits_failed_message, FitFailedWarning)
C:\Users\pbard\.conda\envs\transplantML\Lib\site-packages\sklearn\model_selection\_search.py:1052: UserWarning: One or more of the test scores are non-finite: [-847.59467785 -862.75226364 -355.61683896 -573.52512621           nan
           nan           nan]
  warnings.warn(
C:\Users\pbard\.conda\envs\transplantML\Lib\site-packages\sklearn\model_selection\_validation.py:540: FitFailedWarning: 
15 fits failed out of a total of 35.
The score on these train-test partitions for these parameters will be set to nan.
If these failures are not expected, you can try to debug them by setting error_score='raise'.

Below are more details about the failures:
--------------------------------------------------------------------------------
15 fits failed with the following error:
Traceback (most recent call last):
  File "C:\Users\pbard\.conda\envs\transplantML\Lib\site-packages\sklearn\model_selection\_validation.py", line 888, in _fit_and_score
    estimator.fit(X_train, y_train, **fit_params)
  File "C:\Users\pbard\.conda\envs\transplantML\Lib\site-packages\sklearn\base.py", line 1473, in wrapper
    return fit_method(estimator, *args, **kwargs)
           ^^^^^^^^^^^^^^^^^^^^^^^^^^^^^^^^^^^^^^
  File "C:\Users\pbard\.conda\envs\transplantML\Lib\site-packages\sklearn\linear_model\_omp.py", line 804, in fit
    coef_, self.n_iter_ = orthogonal_mp_gram(
                          ^^^^^^^^^^^^^^^^^^^
  File "C:\Users\pbard\.conda\envs\transplantML\Lib\site-packages\sklearn\utils\_param_validation.py", line 186, in wrapper
    return func(*args, **kwargs)
           ^^^^^^^^^^^^^^^^^^^^^
  File "C:\Users\pbard\.conda\envs\transplantML\Lib\site-packages\sklearn\linear_model\_omp.py", line 605, in orthogonal_mp_gram
    raise ValueError(
ValueError: The number of atoms cannot be more than the number of features

  warnings.warn(some_fits_failed_message, FitFailedWarning)
C:\Users\pbard\.conda\envs\transplantML\Lib\site-packages\sklearn\model_selection\_search.py:1052: UserWarning: One or more of the test scores are non-finite: [-774.02721143 -806.30556424 -375.39365351 -534.60182147           nan
           nan           nan]
  warnings.warn(
C:\Users\pbard\.conda\envs\transplantML\Lib\site-packages\sklearn\model_selection\_validation.py:540: FitFailedWarning: 
15 fits failed out of a total of 35.
The score on these train-test partitions for these parameters will be set to nan.
If these failures are not expected, you can try to debug them by setting error_score='raise'.

Below are more details about the failures:
--------------------------------------------------------------------------------
15 fits failed with the following error:
Traceback (most recent call last):
  File "C:\Users\pbard\.conda\envs\transplantML\Lib\site-packages\sklearn\model_selection\_validation.py", line 888, in _fit_and_score
    estimator.fit(X_train, y_train, **fit_params)
  File "C:\Users\pbard\.conda\envs\transplantML\Lib\site-packages\sklearn\base.py", line 1473, in wrapper
    return fit_method(estimator, *args, **kwargs)
           ^^^^^^^^^^^^^^^^^^^^^^^^^^^^^^^^^^^^^^
  File "C:\Users\pbard\.conda\envs\transplantML\Lib\site-packages\sklearn\linear_model\_omp.py", line 804, in fit
    coef_, self.n_iter_ = orthogonal_mp_gram(
                          ^^^^^^^^^^^^^^^^^^^
  File "C:\Users\pbard\.conda\envs\transplantML\Lib\site-packages\sklearn\utils\_param_validation.py", line 186, in wrapper
    return func(*args, **kwargs)
           ^^^^^^^^^^^^^^^^^^^^^
  File "C:\Users\pbard\.conda\envs\transplantML\Lib\site-packages\sklearn\linear_model\_omp.py", line 605, in orthogonal_mp_gram
    raise ValueError(
ValueError: The number of atoms cannot be more than the number of features

  warnings.warn(some_fits_failed_message, FitFailedWarning)
C:\Users\pbard\.conda\envs\transplantML\Lib\site-packages\sklearn\model_selection\_search.py:1052: UserWarning: One or more of the test scores are non-finite: [-736.65635071 -700.41883059 -345.8827877  -420.92715926           nan
           nan           nan]
  warnings.warn(
C:\Users\pbard\.conda\envs\transplantML\Lib\site-packages\sklearn\model_selection\_validation.py:540: FitFailedWarning: 
15 fits failed out of a total of 35.
The score on these train-test partitions for these parameters will be set to nan.
If these failures are not expected, you can try to debug them by setting error_score='raise'.

Below are more details about the failures:
--------------------------------------------------------------------------------
15 fits failed with the following error:
Traceback (most recent call last):
  File "C:\Users\pbard\.conda\envs\transplantML\Lib\site-packages\sklearn\model_selection\_validation.py", line 888, in _fit_and_score
    estimator.fit(X_train, y_train, **fit_params)
  File "C:\Users\pbard\.conda\envs\transplantML\Lib\site-packages\sklearn\base.py", line 1473, in wrapper
    return fit_method(estimator, *args, **kwargs)
           ^^^^^^^^^^^^^^^^^^^^^^^^^^^^^^^^^^^^^^
  File "C:\Users\pbard\.conda\envs\transplantML\Lib\site-packages\sklearn\linear_model\_omp.py", line 804, in fit
    coef_, self.n_iter_ = orthogonal_mp_gram(
                          ^^^^^^^^^^^^^^^^^^^
  File "C:\Users\pbard\.conda\envs\transplantML\Lib\site-packages\sklearn\utils\_param_validation.py", line 186, in wrapper
    return func(*args, **kwargs)
           ^^^^^^^^^^^^^^^^^^^^^
  File "C:\Users\pbard\.conda\envs\transplantML\Lib\site-packages\sklearn\linear_model\_omp.py", line 605, in orthogonal_mp_gram
    raise ValueError(
ValueError: The number of atoms cannot be more than the number of features

  warnings.warn(some_fits_failed_message, FitFailedWarning)
C:\Users\pbard\.conda\envs\transplantML\Lib\site-packages\sklearn\model_selection\_search.py:1052: UserWarning: One or more of the test scores are non-finite: [-662.76209683 -681.52530705 -449.30520289 -527.34926111           nan
           nan           nan]
  warnings.warn(
C:\Users\pbard\.conda\envs\transplantML\Lib\site-packages\sklearn\model_selection\_validation.py:540: FitFailedWarning: 
15 fits failed out of a total of 35.
The score on these train-test partitions for these parameters will be set to nan.
If these failures are not expected, you can try to debug them by setting error_score='raise'.

Below are more details about the failures:
--------------------------------------------------------------------------------
15 fits failed with the following error:
Traceback (most recent call last):
  File "C:\Users\pbard\.conda\envs\transplantML\Lib\site-packages\sklearn\model_selection\_validation.py", line 888, in _fit_and_score
    estimator.fit(X_train, y_train, **fit_params)
  File "C:\Users\pbard\.conda\envs\transplantML\Lib\site-packages\sklearn\base.py", line 1473, in wrapper
    return fit_method(estimator, *args, **kwargs)
           ^^^^^^^^^^^^^^^^^^^^^^^^^^^^^^^^^^^^^^
  File "C:\Users\pbard\.conda\envs\transplantML\Lib\site-packages\sklearn\linear_model\_omp.py", line 804, in fit
    coef_, self.n_iter_ = orthogonal_mp_gram(
                          ^^^^^^^^^^^^^^^^^^^
  File "C:\Users\pbard\.conda\envs\transplantML\Lib\site-packages\sklearn\utils\_param_validation.py", line 186, in wrapper
    return func(*args, **kwargs)
           ^^^^^^^^^^^^^^^^^^^^^
  File "C:\Users\pbard\.conda\envs\transplantML\Lib\site-packages\sklearn\linear_model\_omp.py", line 605, in orthogonal_mp_gram
    raise ValueError(
ValueError: The number of atoms cannot be more than the number of features

  warnings.warn(some_fits_failed_message, FitFailedWarning)
C:\Users\pbard\.conda\envs\transplantML\Lib\site-packages\sklearn\model_selection\_search.py:1052: UserWarning: One or more of the test scores are non-finite: [-644.95929249 -633.98808822 -461.55381182 -704.60260983           nan
           nan           nan]
  warnings.warn(
C:\Users\pbard\.conda\envs\transplantML\Lib\site-packages\sklearn\model_selection\_validation.py:540: FitFailedWarning: 
15 fits failed out of a total of 35.
The score on these train-test partitions for these parameters will be set to nan.
If these failures are not expected, you can try to debug them by setting error_score='raise'.

Below are more details about the failures:
--------------------------------------------------------------------------------
15 fits failed with the following error:
Traceback (most recent call last):
  File "C:\Users\pbard\.conda\envs\transplantML\Lib\site-packages\sklearn\model_selection\_validation.py", line 888, in _fit_and_score
    estimator.fit(X_train, y_train, **fit_params)
  File "C:\Users\pbard\.conda\envs\transplantML\Lib\site-packages\sklearn\base.py", line 1473, in wrapper
    return fit_method(estimator, *args, **kwargs)
           ^^^^^^^^^^^^^^^^^^^^^^^^^^^^^^^^^^^^^^
  File "C:\Users\pbard\.conda\envs\transplantML\Lib\site-packages\sklearn\linear_model\_omp.py", line 804, in fit
    coef_, self.n_iter_ = orthogonal_mp_gram(
                          ^^^^^^^^^^^^^^^^^^^
  File "C:\Users\pbard\.conda\envs\transplantML\Lib\site-packages\sklearn\utils\_param_validation.py", line 186, in wrapper
    return func(*args, **kwargs)
           ^^^^^^^^^^^^^^^^^^^^^
  File "C:\Users\pbard\.conda\envs\transplantML\Lib\site-packages\sklearn\linear_model\_omp.py", line 605, in orthogonal_mp_gram
    raise ValueError(
ValueError: The number of atoms cannot be more than the number of features

  warnings.warn(some_fits_failed_message, FitFailedWarning)
C:\Users\pbard\.conda\envs\transplantML\Lib\site-packages\sklearn\model_selection\_search.py:1052: UserWarning: One or more of the test scores are non-finite: [-758.04024201 -793.46977297 -456.08245882 -520.60402349           nan
           nan           nan]
  warnings.warn(
C:\Users\pbard\.conda\envs\transplantML\Lib\site-packages\sklearn\model_selection\_validation.py:540: FitFailedWarning: 
15 fits failed out of a total of 35.
The score on these train-test partitions for these parameters will be set to nan.
If these failures are not expected, you can try to debug them by setting error_score='raise'.

Below are more details about the failures:
--------------------------------------------------------------------------------
15 fits failed with the following error:
Traceback (most recent call last):
  File "C:\Users\pbard\.conda\envs\transplantML\Lib\site-packages\sklearn\model_selection\_validation.py", line 888, in _fit_and_score
    estimator.fit(X_train, y_train, **fit_params)
  File "C:\Users\pbard\.conda\envs\transplantML\Lib\site-packages\sklearn\base.py", line 1473, in wrapper
    return fit_method(estimator, *args, **kwargs)
           ^^^^^^^^^^^^^^^^^^^^^^^^^^^^^^^^^^^^^^
  File "C:\Users\pbard\.conda\envs\transplantML\Lib\site-packages\sklearn\linear_model\_omp.py", line 804, in fit
    coef_, self.n_iter_ = orthogonal_mp_gram(
                          ^^^^^^^^^^^^^^^^^^^
  File "C:\Users\pbard\.conda\envs\transplantML\Lib\site-packages\sklearn\utils\_param_validation.py", line 186, in wrapper
    return func(*args, **kwargs)
           ^^^^^^^^^^^^^^^^^^^^^
  File "C:\Users\pbard\.conda\envs\transplantML\Lib\site-packages\sklearn\linear_model\_omp.py", line 605, in orthogonal_mp_gram
    raise ValueError(
ValueError: The number of atoms cannot be more than the number of features

  warnings.warn(some_fits_failed_message, FitFailedWarning)
C:\Users\pbard\.conda\envs\transplantML\Lib\site-packages\sklearn\model_selection\_search.py:1052: UserWarning: One or more of the test scores are non-finite: [-817.47149157 -828.33894555 -563.02594572 -818.13122984           nan
           nan           nan]
  warnings.warn(
C:\Users\pbard\.conda\envs\transplantML\Lib\site-packages\sklearn\model_selection\_validation.py:540: FitFailedWarning: 
15 fits failed out of a total of 35.
The score on these train-test partitions for these parameters will be set to nan.
If these failures are not expected, you can try to debug them by setting error_score='raise'.

Below are more details about the failures:
--------------------------------------------------------------------------------
15 fits failed with the following error:
Traceback (most recent call last):
  File "C:\Users\pbard\.conda\envs\transplantML\Lib\site-packages\sklearn\model_selection\_validation.py", line 888, in _fit_and_score
    estimator.fit(X_train, y_train, **fit_params)
  File "C:\Users\pbard\.conda\envs\transplantML\Lib\site-packages\sklearn\base.py", line 1473, in wrapper
    return fit_method(estimator, *args, **kwargs)
           ^^^^^^^^^^^^^^^^^^^^^^^^^^^^^^^^^^^^^^
  File "C:\Users\pbard\.conda\envs\transplantML\Lib\site-packages\sklearn\linear_model\_omp.py", line 804, in fit
    coef_, self.n_iter_ = orthogonal_mp_gram(
                          ^^^^^^^^^^^^^^^^^^^
  File "C:\Users\pbard\.conda\envs\transplantML\Lib\site-packages\sklearn\utils\_param_validation.py", line 186, in wrapper
    return func(*args, **kwargs)
           ^^^^^^^^^^^^^^^^^^^^^
  File "C:\Users\pbard\.conda\envs\transplantML\Lib\site-packages\sklearn\linear_model\_omp.py", line 605, in orthogonal_mp_gram
    raise ValueError(
ValueError: The number of atoms cannot be more than the number of features

  warnings.warn(some_fits_failed_message, FitFailedWarning)
C:\Users\pbard\.conda\envs\transplantML\Lib\site-packages\sklearn\model_selection\_search.py:1052: UserWarning: One or more of the test scores are non-finite: [-835.27931927 -780.06508829 -379.88461506 -595.10492468           nan
           nan           nan]
  warnings.warn(
C:\Users\pbard\.conda\envs\transplantML\Lib\site-packages\sklearn\model_selection\_validation.py:540: FitFailedWarning: 
15 fits failed out of a total of 35.
The score on these train-test partitions for these parameters will be set to nan.
If these failures are not expected, you can try to debug them by setting error_score='raise'.

Below are more details about the failures:
--------------------------------------------------------------------------------
15 fits failed with the following error:
Traceback (most recent call last):
  File "C:\Users\pbard\.conda\envs\transplantML\Lib\site-packages\sklearn\model_selection\_validation.py", line 888, in _fit_and_score
    estimator.fit(X_train, y_train, **fit_params)
  File "C:\Users\pbard\.conda\envs\transplantML\Lib\site-packages\sklearn\base.py", line 1473, in wrapper
    return fit_method(estimator, *args, **kwargs)
           ^^^^^^^^^^^^^^^^^^^^^^^^^^^^^^^^^^^^^^
  File "C:\Users\pbard\.conda\envs\transplantML\Lib\site-packages\sklearn\linear_model\_omp.py", line 804, in fit
    coef_, self.n_iter_ = orthogonal_mp_gram(
                          ^^^^^^^^^^^^^^^^^^^
  File "C:\Users\pbard\.conda\envs\transplantML\Lib\site-packages\sklearn\utils\_param_validation.py", line 186, in wrapper
    return func(*args, **kwargs)
           ^^^^^^^^^^^^^^^^^^^^^
  File "C:\Users\pbard\.conda\envs\transplantML\Lib\site-packages\sklearn\linear_model\_omp.py", line 605, in orthogonal_mp_gram
    raise ValueError(
ValueError: The number of atoms cannot be more than the number of features

  warnings.warn(some_fits_failed_message, FitFailedWarning)
C:\Users\pbard\.conda\envs\transplantML\Lib\site-packages\sklearn\model_selection\_search.py:1052: UserWarning: One or more of the test scores are non-finite: [-591.29871531 -631.43670182 -475.05326867 -585.22033234           nan
           nan           nan]
  warnings.warn(
C:\Users\pbard\.conda\envs\transplantML\Lib\site-packages\sklearn\model_selection\_validation.py:540: FitFailedWarning: 
15 fits failed out of a total of 35.
The score on these train-test partitions for these parameters will be set to nan.
If these failures are not expected, you can try to debug them by setting error_score='raise'.

Below are more details about the failures:
--------------------------------------------------------------------------------
15 fits failed with the following error:
Traceback (most recent call last):
  File "C:\Users\pbard\.conda\envs\transplantML\Lib\site-packages\sklearn\model_selection\_validation.py", line 888, in _fit_and_score
    estimator.fit(X_train, y_train, **fit_params)
  File "C:\Users\pbard\.conda\envs\transplantML\Lib\site-packages\sklearn\base.py", line 1473, in wrapper
    return fit_method(estimator, *args, **kwargs)
           ^^^^^^^^^^^^^^^^^^^^^^^^^^^^^^^^^^^^^^
  File "C:\Users\pbard\.conda\envs\transplantML\Lib\site-packages\sklearn\linear_model\_omp.py", line 804, in fit
    coef_, self.n_iter_ = orthogonal_mp_gram(
                          ^^^^^^^^^^^^^^^^^^^
  File "C:\Users\pbard\.conda\envs\transplantML\Lib\site-packages\sklearn\utils\_param_validation.py", line 186, in wrapper
    return func(*args, **kwargs)
           ^^^^^^^^^^^^^^^^^^^^^
  File "C:\Users\pbard\.conda\envs\transplantML\Lib\site-packages\sklearn\linear_model\_omp.py", line 605, in orthogonal_mp_gram
    raise ValueError(
ValueError: The number of atoms cannot be more than the number of features

  warnings.warn(some_fits_failed_message, FitFailedWarning)
C:\Users\pbard\.conda\envs\transplantML\Lib\site-packages\sklearn\model_selection\_search.py:1052: UserWarning: One or more of the test scores are non-finite: [-707.42104697 -718.95844826 -386.82335951 -610.5185308            nan
           nan           nan]
  warnings.warn(
C:\Users\pbard\.conda\envs\transplantML\Lib\site-packages\sklearn\model_selection\_validation.py:540: FitFailedWarning: 
15 fits failed out of a total of 35.
The score on these train-test partitions for these parameters will be set to nan.
If these failures are not expected, you can try to debug them by setting error_score='raise'.

Below are more details about the failures:
--------------------------------------------------------------------------------
15 fits failed with the following error:
Traceback (most recent call last):
  File "C:\Users\pbard\.conda\envs\transplantML\Lib\site-packages\sklearn\model_selection\_validation.py", line 888, in _fit_and_score
    estimator.fit(X_train, y_train, **fit_params)
  File "C:\Users\pbard\.conda\envs\transplantML\Lib\site-packages\sklearn\base.py", line 1473, in wrapper
    return fit_method(estimator, *args, **kwargs)
           ^^^^^^^^^^^^^^^^^^^^^^^^^^^^^^^^^^^^^^
  File "C:\Users\pbard\.conda\envs\transplantML\Lib\site-packages\sklearn\linear_model\_omp.py", line 804, in fit
    coef_, self.n_iter_ = orthogonal_mp_gram(
                          ^^^^^^^^^^^^^^^^^^^
  File "C:\Users\pbard\.conda\envs\transplantML\Lib\site-packages\sklearn\utils\_param_validation.py", line 186, in wrapper
    return func(*args, **kwargs)
           ^^^^^^^^^^^^^^^^^^^^^
  File "C:\Users\pbard\.conda\envs\transplantML\Lib\site-packages\sklearn\linear_model\_omp.py", line 605, in orthogonal_mp_gram
    raise ValueError(
ValueError: The number of atoms cannot be more than the number of features

  warnings.warn(some_fits_failed_message, FitFailedWarning)
C:\Users\pbard\.conda\envs\transplantML\Lib\site-packages\sklearn\model_selection\_search.py:1052: UserWarning: One or more of the test scores are non-finite: [-847.59467785 -862.75226364 -466.71655619 -797.73547028           nan
           nan           nan]
  warnings.warn(
C:\Users\pbard\.conda\envs\transplantML\Lib\site-packages\sklearn\model_selection\_validation.py:540: FitFailedWarning: 
15 fits failed out of a total of 35.
The score on these train-test partitions for these parameters will be set to nan.
If these failures are not expected, you can try to debug them by setting error_score='raise'.

Below are more details about the failures:
--------------------------------------------------------------------------------
15 fits failed with the following error:
Traceback (most recent call last):
  File "C:\Users\pbard\.conda\envs\transplantML\Lib\site-packages\sklearn\model_selection\_validation.py", line 888, in _fit_and_score
    estimator.fit(X_train, y_train, **fit_params)
  File "C:\Users\pbard\.conda\envs\transplantML\Lib\site-packages\sklearn\base.py", line 1473, in wrapper
    return fit_method(estimator, *args, **kwargs)
           ^^^^^^^^^^^^^^^^^^^^^^^^^^^^^^^^^^^^^^
  File "C:\Users\pbard\.conda\envs\transplantML\Lib\site-packages\sklearn\linear_model\_omp.py", line 804, in fit
    coef_, self.n_iter_ = orthogonal_mp_gram(
                          ^^^^^^^^^^^^^^^^^^^
  File "C:\Users\pbard\.conda\envs\transplantML\Lib\site-packages\sklearn\utils\_param_validation.py", line 186, in wrapper
    return func(*args, **kwargs)
           ^^^^^^^^^^^^^^^^^^^^^
  File "C:\Users\pbard\.conda\envs\transplantML\Lib\site-packages\sklearn\linear_model\_omp.py", line 605, in orthogonal_mp_gram
    raise ValueError(
ValueError: The number of atoms cannot be more than the number of features

  warnings.warn(some_fits_failed_message, FitFailedWarning)
C:\Users\pbard\.conda\envs\transplantML\Lib\site-packages\sklearn\model_selection\_search.py:1052: UserWarning: One or more of the test scores are non-finite: [-774.02721143 -806.30556424 -549.52607167 -707.58722743           nan
           nan           nan]
  warnings.warn(
C:\Users\pbard\.conda\envs\transplantML\Lib\site-packages\sklearn\model_selection\_validation.py:540: FitFailedWarning: 
15 fits failed out of a total of 35.
The score on these train-test partitions for these parameters will be set to nan.
If these failures are not expected, you can try to debug them by setting error_score='raise'.

Below are more details about the failures:
--------------------------------------------------------------------------------
15 fits failed with the following error:
Traceback (most recent call last):
  File "C:\Users\pbard\.conda\envs\transplantML\Lib\site-packages\sklearn\model_selection\_validation.py", line 888, in _fit_and_score
    estimator.fit(X_train, y_train, **fit_params)
  File "C:\Users\pbard\.conda\envs\transplantML\Lib\site-packages\sklearn\base.py", line 1473, in wrapper
    return fit_method(estimator, *args, **kwargs)
           ^^^^^^^^^^^^^^^^^^^^^^^^^^^^^^^^^^^^^^
  File "C:\Users\pbard\.conda\envs\transplantML\Lib\site-packages\sklearn\linear_model\_omp.py", line 804, in fit
    coef_, self.n_iter_ = orthogonal_mp_gram(
                          ^^^^^^^^^^^^^^^^^^^
  File "C:\Users\pbard\.conda\envs\transplantML\Lib\site-packages\sklearn\utils\_param_validation.py", line 186, in wrapper
    return func(*args, **kwargs)
           ^^^^^^^^^^^^^^^^^^^^^
  File "C:\Users\pbard\.conda\envs\transplantML\Lib\site-packages\sklearn\linear_model\_omp.py", line 605, in orthogonal_mp_gram
    raise ValueError(
ValueError: The number of atoms cannot be more than the number of features

  warnings.warn(some_fits_failed_message, FitFailedWarning)
C:\Users\pbard\.conda\envs\transplantML\Lib\site-packages\sklearn\model_selection\_search.py:1052: UserWarning: One or more of the test scores are non-finite: [-736.65635071 -700.41883059 -521.3326492  -603.62385313           nan
           nan           nan]
  warnings.warn(
C:\Users\pbard\.conda\envs\transplantML\Lib\site-packages\sklearn\model_selection\_validation.py:540: FitFailedWarning: 
15 fits failed out of a total of 35.
The score on these train-test partitions for these parameters will be set to nan.
If these failures are not expected, you can try to debug them by setting error_score='raise'.

Below are more details about the failures:
--------------------------------------------------------------------------------
15 fits failed with the following error:
Traceback (most recent call last):
  File "C:\Users\pbard\.conda\envs\transplantML\Lib\site-packages\sklearn\model_selection\_validation.py", line 888, in _fit_and_score
    estimator.fit(X_train, y_train, **fit_params)
  File "C:\Users\pbard\.conda\envs\transplantML\Lib\site-packages\sklearn\base.py", line 1473, in wrapper
    return fit_method(estimator, *args, **kwargs)
           ^^^^^^^^^^^^^^^^^^^^^^^^^^^^^^^^^^^^^^
  File "C:\Users\pbard\.conda\envs\transplantML\Lib\site-packages\sklearn\linear_model\_omp.py", line 804, in fit
    coef_, self.n_iter_ = orthogonal_mp_gram(
                          ^^^^^^^^^^^^^^^^^^^
  File "C:\Users\pbard\.conda\envs\transplantML\Lib\site-packages\sklearn\utils\_param_validation.py", line 186, in wrapper
    return func(*args, **kwargs)
           ^^^^^^^^^^^^^^^^^^^^^
  File "C:\Users\pbard\.conda\envs\transplantML\Lib\site-packages\sklearn\linear_model\_omp.py", line 605, in orthogonal_mp_gram
    raise ValueError(
ValueError: The number of atoms cannot be more than the number of features

  warnings.warn(some_fits_failed_message, FitFailedWarning)
C:\Users\pbard\.conda\envs\transplantML\Lib\site-packages\sklearn\model_selection\_search.py:1052: UserWarning: One or more of the test scores are non-finite: [-662.76209683 -681.52530705 -546.71685279 -671.01391815           nan
           nan           nan]
  warnings.warn(
C:\Users\pbard\.conda\envs\transplantML\Lib\site-packages\sklearn\model_selection\_validation.py:540: FitFailedWarning: 
15 fits failed out of a total of 35.
The score on these train-test partitions for these parameters will be set to nan.
If these failures are not expected, you can try to debug them by setting error_score='raise'.

Below are more details about the failures:
--------------------------------------------------------------------------------
15 fits failed with the following error:
Traceback (most recent call last):
  File "C:\Users\pbard\.conda\envs\transplantML\Lib\site-packages\sklearn\model_selection\_validation.py", line 888, in _fit_and_score
    estimator.fit(X_train, y_train, **fit_params)
  File "C:\Users\pbard\.conda\envs\transplantML\Lib\site-packages\sklearn\base.py", line 1473, in wrapper
    return fit_method(estimator, *args, **kwargs)
           ^^^^^^^^^^^^^^^^^^^^^^^^^^^^^^^^^^^^^^
  File "C:\Users\pbard\.conda\envs\transplantML\Lib\site-packages\sklearn\linear_model\_omp.py", line 804, in fit
    coef_, self.n_iter_ = orthogonal_mp_gram(
                          ^^^^^^^^^^^^^^^^^^^
  File "C:\Users\pbard\.conda\envs\transplantML\Lib\site-packages\sklearn\utils\_param_validation.py", line 186, in wrapper
    return func(*args, **kwargs)
           ^^^^^^^^^^^^^^^^^^^^^
  File "C:\Users\pbard\.conda\envs\transplantML\Lib\site-packages\sklearn\linear_model\_omp.py", line 605, in orthogonal_mp_gram
    raise ValueError(
ValueError: The number of atoms cannot be more than the number of features

  warnings.warn(some_fits_failed_message, FitFailedWarning)
C:\Users\pbard\.conda\envs\transplantML\Lib\site-packages\sklearn\model_selection\_search.py:1052: UserWarning: One or more of the test scores are non-finite: [-644.95929249 -633.98808822 -451.07484539 -696.47898407           nan
           nan           nan]
  warnings.warn(
C:\Users\pbard\.conda\envs\transplantML\Lib\site-packages\sklearn\model_selection\_validation.py:540: FitFailedWarning: 
15 fits failed out of a total of 35.
The score on these train-test partitions for these parameters will be set to nan.
If these failures are not expected, you can try to debug them by setting error_score='raise'.

Below are more details about the failures:
--------------------------------------------------------------------------------
15 fits failed with the following error:
Traceback (most recent call last):
  File "C:\Users\pbard\.conda\envs\transplantML\Lib\site-packages\sklearn\model_selection\_validation.py", line 888, in _fit_and_score
    estimator.fit(X_train, y_train, **fit_params)
  File "C:\Users\pbard\.conda\envs\transplantML\Lib\site-packages\sklearn\base.py", line 1473, in wrapper
    return fit_method(estimator, *args, **kwargs)
           ^^^^^^^^^^^^^^^^^^^^^^^^^^^^^^^^^^^^^^
  File "C:\Users\pbard\.conda\envs\transplantML\Lib\site-packages\sklearn\linear_model\_omp.py", line 804, in fit
    coef_, self.n_iter_ = orthogonal_mp_gram(
                          ^^^^^^^^^^^^^^^^^^^
  File "C:\Users\pbard\.conda\envs\transplantML\Lib\site-packages\sklearn\utils\_param_validation.py", line 186, in wrapper
    return func(*args, **kwargs)
           ^^^^^^^^^^^^^^^^^^^^^
  File "C:\Users\pbard\.conda\envs\transplantML\Lib\site-packages\sklearn\linear_model\_omp.py", line 605, in orthogonal_mp_gram
    raise ValueError(
ValueError: The number of atoms cannot be more than the number of features

  warnings.warn(some_fits_failed_message, FitFailedWarning)
C:\Users\pbard\.conda\envs\transplantML\Lib\site-packages\sklearn\model_selection\_search.py:1052: UserWarning: One or more of the test scores are non-finite: [-758.04024201 -793.46977297 -600.31816565 -673.16190294           nan
           nan           nan]
  warnings.warn(
C:\Users\pbard\.conda\envs\transplantML\Lib\site-packages\sklearn\model_selection\_validation.py:540: FitFailedWarning: 
15 fits failed out of a total of 35.
The score on these train-test partitions for these parameters will be set to nan.
If these failures are not expected, you can try to debug them by setting error_score='raise'.

Below are more details about the failures:
--------------------------------------------------------------------------------
15 fits failed with the following error:
Traceback (most recent call last):
  File "C:\Users\pbard\.conda\envs\transplantML\Lib\site-packages\sklearn\model_selection\_validation.py", line 888, in _fit_and_score
    estimator.fit(X_train, y_train, **fit_params)
  File "C:\Users\pbard\.conda\envs\transplantML\Lib\site-packages\sklearn\base.py", line 1473, in wrapper
    return fit_method(estimator, *args, **kwargs)
           ^^^^^^^^^^^^^^^^^^^^^^^^^^^^^^^^^^^^^^
  File "C:\Users\pbard\.conda\envs\transplantML\Lib\site-packages\sklearn\linear_model\_omp.py", line 804, in fit
    coef_, self.n_iter_ = orthogonal_mp_gram(
                          ^^^^^^^^^^^^^^^^^^^
  File "C:\Users\pbard\.conda\envs\transplantML\Lib\site-packages\sklearn\utils\_param_validation.py", line 186, in wrapper
    return func(*args, **kwargs)
           ^^^^^^^^^^^^^^^^^^^^^
  File "C:\Users\pbard\.conda\envs\transplantML\Lib\site-packages\sklearn\linear_model\_omp.py", line 605, in orthogonal_mp_gram
    raise ValueError(
ValueError: The number of atoms cannot be more than the number of features

  warnings.warn(some_fits_failed_message, FitFailedWarning)
C:\Users\pbard\.conda\envs\transplantML\Lib\site-packages\sklearn\model_selection\_search.py:1052: UserWarning: One or more of the test scores are non-finite: [-817.47149157 -828.33894555 -597.79245371 -980.77157044           nan
           nan           nan]
  warnings.warn(
C:\Users\pbard\.conda\envs\transplantML\Lib\site-packages\sklearn\model_selection\_validation.py:540: FitFailedWarning: 
15 fits failed out of a total of 35.
The score on these train-test partitions for these parameters will be set to nan.
If these failures are not expected, you can try to debug them by setting error_score='raise'.

Below are more details about the failures:
--------------------------------------------------------------------------------
15 fits failed with the following error:
Traceback (most recent call last):
  File "C:\Users\pbard\.conda\envs\transplantML\Lib\site-packages\sklearn\model_selection\_validation.py", line 888, in _fit_and_score
    estimator.fit(X_train, y_train, **fit_params)
  File "C:\Users\pbard\.conda\envs\transplantML\Lib\site-packages\sklearn\base.py", line 1473, in wrapper
    return fit_method(estimator, *args, **kwargs)
           ^^^^^^^^^^^^^^^^^^^^^^^^^^^^^^^^^^^^^^
  File "C:\Users\pbard\.conda\envs\transplantML\Lib\site-packages\sklearn\linear_model\_omp.py", line 804, in fit
    coef_, self.n_iter_ = orthogonal_mp_gram(
                          ^^^^^^^^^^^^^^^^^^^
  File "C:\Users\pbard\.conda\envs\transplantML\Lib\site-packages\sklearn\utils\_param_validation.py", line 186, in wrapper
    return func(*args, **kwargs)
           ^^^^^^^^^^^^^^^^^^^^^
  File "C:\Users\pbard\.conda\envs\transplantML\Lib\site-packages\sklearn\linear_model\_omp.py", line 605, in orthogonal_mp_gram
    raise ValueError(
ValueError: The number of atoms cannot be more than the number of features

  warnings.warn(some_fits_failed_message, FitFailedWarning)
C:\Users\pbard\.conda\envs\transplantML\Lib\site-packages\sklearn\model_selection\_search.py:1052: UserWarning: One or more of the test scores are non-finite: [-835.27931927 -780.06508829 -487.2480523  -731.3695815            nan
           nan           nan]
  warnings.warn(
C:\Users\pbard\.conda\envs\transplantML\Lib\site-packages\sklearn\model_selection\_validation.py:540: FitFailedWarning: 
15 fits failed out of a total of 35.
The score on these train-test partitions for these parameters will be set to nan.
If these failures are not expected, you can try to debug them by setting error_score='raise'.

Below are more details about the failures:
--------------------------------------------------------------------------------
15 fits failed with the following error:
Traceback (most recent call last):
  File "C:\Users\pbard\.conda\envs\transplantML\Lib\site-packages\sklearn\model_selection\_validation.py", line 888, in _fit_and_score
    estimator.fit(X_train, y_train, **fit_params)
  File "C:\Users\pbard\.conda\envs\transplantML\Lib\site-packages\sklearn\base.py", line 1473, in wrapper
    return fit_method(estimator, *args, **kwargs)
           ^^^^^^^^^^^^^^^^^^^^^^^^^^^^^^^^^^^^^^
  File "C:\Users\pbard\.conda\envs\transplantML\Lib\site-packages\sklearn\linear_model\_omp.py", line 804, in fit
    coef_, self.n_iter_ = orthogonal_mp_gram(
                          ^^^^^^^^^^^^^^^^^^^
  File "C:\Users\pbard\.conda\envs\transplantML\Lib\site-packages\sklearn\utils\_param_validation.py", line 186, in wrapper
    return func(*args, **kwargs)
           ^^^^^^^^^^^^^^^^^^^^^
  File "C:\Users\pbard\.conda\envs\transplantML\Lib\site-packages\sklearn\linear_model\_omp.py", line 605, in orthogonal_mp_gram
    raise ValueError(
ValueError: The number of atoms cannot be more than the number of features

  warnings.warn(some_fits_failed_message, FitFailedWarning)
C:\Users\pbard\.conda\envs\transplantML\Lib\site-packages\sklearn\model_selection\_search.py:1052: UserWarning: One or more of the test scores are non-finite: [-591.29871531 -631.43670182 -481.37673327 -581.43714735           nan
           nan           nan]
  warnings.warn(
C:\Users\pbard\.conda\envs\transplantML\Lib\site-packages\sklearn\model_selection\_validation.py:540: FitFailedWarning: 
15 fits failed out of a total of 35.
The score on these train-test partitions for these parameters will be set to nan.
If these failures are not expected, you can try to debug them by setting error_score='raise'.

Below are more details about the failures:
--------------------------------------------------------------------------------
15 fits failed with the following error:
Traceback (most recent call last):
  File "C:\Users\pbard\.conda\envs\transplantML\Lib\site-packages\sklearn\model_selection\_validation.py", line 888, in _fit_and_score
    estimator.fit(X_train, y_train, **fit_params)
  File "C:\Users\pbard\.conda\envs\transplantML\Lib\site-packages\sklearn\base.py", line 1473, in wrapper
    return fit_method(estimator, *args, **kwargs)
           ^^^^^^^^^^^^^^^^^^^^^^^^^^^^^^^^^^^^^^
  File "C:\Users\pbard\.conda\envs\transplantML\Lib\site-packages\sklearn\linear_model\_omp.py", line 804, in fit
    coef_, self.n_iter_ = orthogonal_mp_gram(
                          ^^^^^^^^^^^^^^^^^^^
  File "C:\Users\pbard\.conda\envs\transplantML\Lib\site-packages\sklearn\utils\_param_validation.py", line 186, in wrapper
    return func(*args, **kwargs)
           ^^^^^^^^^^^^^^^^^^^^^
  File "C:\Users\pbard\.conda\envs\transplantML\Lib\site-packages\sklearn\linear_model\_omp.py", line 605, in orthogonal_mp_gram
    raise ValueError(
ValueError: The number of atoms cannot be more than the number of features

  warnings.warn(some_fits_failed_message, FitFailedWarning)
C:\Users\pbard\.conda\envs\transplantML\Lib\site-packages\sklearn\model_selection\_search.py:1052: UserWarning: One or more of the test scores are non-finite: [-707.42104697 -718.95844826 -458.06061518 -752.14887047           nan
           nan           nan]
  warnings.warn(
C:\Users\pbard\.conda\envs\transplantML\Lib\site-packages\sklearn\model_selection\_validation.py:540: FitFailedWarning: 
15 fits failed out of a total of 35.
The score on these train-test partitions for these parameters will be set to nan.
If these failures are not expected, you can try to debug them by setting error_score='raise'.

Below are more details about the failures:
--------------------------------------------------------------------------------
15 fits failed with the following error:
Traceback (most recent call last):
  File "C:\Users\pbard\.conda\envs\transplantML\Lib\site-packages\sklearn\model_selection\_validation.py", line 888, in _fit_and_score
    estimator.fit(X_train, y_train, **fit_params)
  File "C:\Users\pbard\.conda\envs\transplantML\Lib\site-packages\sklearn\base.py", line 1473, in wrapper
    return fit_method(estimator, *args, **kwargs)
           ^^^^^^^^^^^^^^^^^^^^^^^^^^^^^^^^^^^^^^
  File "C:\Users\pbard\.conda\envs\transplantML\Lib\site-packages\sklearn\linear_model\_omp.py", line 804, in fit
    coef_, self.n_iter_ = orthogonal_mp_gram(
                          ^^^^^^^^^^^^^^^^^^^
  File "C:\Users\pbard\.conda\envs\transplantML\Lib\site-packages\sklearn\utils\_param_validation.py", line 186, in wrapper
    return func(*args, **kwargs)
           ^^^^^^^^^^^^^^^^^^^^^
  File "C:\Users\pbard\.conda\envs\transplantML\Lib\site-packages\sklearn\linear_model\_omp.py", line 605, in orthogonal_mp_gram
    raise ValueError(
ValueError: The number of atoms cannot be more than the number of features

  warnings.warn(some_fits_failed_message, FitFailedWarning)
C:\Users\pbard\.conda\envs\transplantML\Lib\site-packages\sklearn\model_selection\_search.py:1052: UserWarning: One or more of the test scores are non-finite: [ -847.59467785  -862.75226364  -585.82357099 -1019.4463761
            nan            nan            nan]
  warnings.warn(
C:\Users\pbard\.conda\envs\transplantML\Lib\site-packages\sklearn\model_selection\_validation.py:540: FitFailedWarning: 
15 fits failed out of a total of 35.
The score on these train-test partitions for these parameters will be set to nan.
If these failures are not expected, you can try to debug them by setting error_score='raise'.

Below are more details about the failures:
--------------------------------------------------------------------------------
15 fits failed with the following error:
Traceback (most recent call last):
  File "C:\Users\pbard\.conda\envs\transplantML\Lib\site-packages\sklearn\model_selection\_validation.py", line 888, in _fit_and_score
    estimator.fit(X_train, y_train, **fit_params)
  File "C:\Users\pbard\.conda\envs\transplantML\Lib\site-packages\sklearn\base.py", line 1473, in wrapper
    return fit_method(estimator, *args, **kwargs)
           ^^^^^^^^^^^^^^^^^^^^^^^^^^^^^^^^^^^^^^
  File "C:\Users\pbard\.conda\envs\transplantML\Lib\site-packages\sklearn\linear_model\_omp.py", line 804, in fit
    coef_, self.n_iter_ = orthogonal_mp_gram(
                          ^^^^^^^^^^^^^^^^^^^
  File "C:\Users\pbard\.conda\envs\transplantML\Lib\site-packages\sklearn\utils\_param_validation.py", line 186, in wrapper
    return func(*args, **kwargs)
           ^^^^^^^^^^^^^^^^^^^^^
  File "C:\Users\pbard\.conda\envs\transplantML\Lib\site-packages\sklearn\linear_model\_omp.py", line 605, in orthogonal_mp_gram
    raise ValueError(
ValueError: The number of atoms cannot be more than the number of features

  warnings.warn(some_fits_failed_message, FitFailedWarning)
C:\Users\pbard\.conda\envs\transplantML\Lib\site-packages\sklearn\model_selection\_search.py:1052: UserWarning: One or more of the test scores are non-finite: [-774.02721143 -806.30556424 -575.99669367 -762.18935241           nan
           nan           nan]
  warnings.warn(
C:\Users\pbard\.conda\envs\transplantML\Lib\site-packages\sklearn\model_selection\_validation.py:540: FitFailedWarning: 
15 fits failed out of a total of 35.
The score on these train-test partitions for these parameters will be set to nan.
If these failures are not expected, you can try to debug them by setting error_score='raise'.

Below are more details about the failures:
--------------------------------------------------------------------------------
15 fits failed with the following error:
Traceback (most recent call last):
  File "C:\Users\pbard\.conda\envs\transplantML\Lib\site-packages\sklearn\model_selection\_validation.py", line 888, in _fit_and_score
    estimator.fit(X_train, y_train, **fit_params)
  File "C:\Users\pbard\.conda\envs\transplantML\Lib\site-packages\sklearn\base.py", line 1473, in wrapper
    return fit_method(estimator, *args, **kwargs)
           ^^^^^^^^^^^^^^^^^^^^^^^^^^^^^^^^^^^^^^
  File "C:\Users\pbard\.conda\envs\transplantML\Lib\site-packages\sklearn\linear_model\_omp.py", line 804, in fit
    coef_, self.n_iter_ = orthogonal_mp_gram(
                          ^^^^^^^^^^^^^^^^^^^
  File "C:\Users\pbard\.conda\envs\transplantML\Lib\site-packages\sklearn\utils\_param_validation.py", line 186, in wrapper
    return func(*args, **kwargs)
           ^^^^^^^^^^^^^^^^^^^^^
  File "C:\Users\pbard\.conda\envs\transplantML\Lib\site-packages\sklearn\linear_model\_omp.py", line 605, in orthogonal_mp_gram
    raise ValueError(
ValueError: The number of atoms cannot be more than the number of features

  warnings.warn(some_fits_failed_message, FitFailedWarning)
C:\Users\pbard\.conda\envs\transplantML\Lib\site-packages\sklearn\model_selection\_search.py:1052: UserWarning: One or more of the test scores are non-finite: [-736.65635071 -700.41883059 -514.62510424 -717.02287672           nan
           nan           nan]
  warnings.warn(
C:\Users\pbard\.conda\envs\transplantML\Lib\site-packages\sklearn\model_selection\_validation.py:540: FitFailedWarning: 
25 fits failed out of a total of 35.
The score on these train-test partitions for these parameters will be set to nan.
If these failures are not expected, you can try to debug them by setting error_score='raise'.

Below are more details about the failures:
--------------------------------------------------------------------------------
25 fits failed with the following error:
Traceback (most recent call last):
  File "C:\Users\pbard\.conda\envs\transplantML\Lib\site-packages\sklearn\model_selection\_validation.py", line 888, in _fit_and_score
    estimator.fit(X_train, y_train, **fit_params)
  File "C:\Users\pbard\.conda\envs\transplantML\Lib\site-packages\sklearn\base.py", line 1473, in wrapper
    return fit_method(estimator, *args, **kwargs)
           ^^^^^^^^^^^^^^^^^^^^^^^^^^^^^^^^^^^^^^
  File "C:\Users\pbard\.conda\envs\transplantML\Lib\site-packages\sklearn\linear_model\_omp.py", line 804, in fit
    coef_, self.n_iter_ = orthogonal_mp_gram(
                          ^^^^^^^^^^^^^^^^^^^
  File "C:\Users\pbard\.conda\envs\transplantML\Lib\site-packages\sklearn\utils\_param_validation.py", line 186, in wrapper
    return func(*args, **kwargs)
           ^^^^^^^^^^^^^^^^^^^^^
  File "C:\Users\pbard\.conda\envs\transplantML\Lib\site-packages\sklearn\linear_model\_omp.py", line 605, in orthogonal_mp_gram
    raise ValueError(
ValueError: The number of atoms cannot be more than the number of features

  warnings.warn(some_fits_failed_message, FitFailedWarning)
C:\Users\pbard\.conda\envs\transplantML\Lib\site-packages\sklearn\model_selection\_search.py:1052: UserWarning: One or more of the test scores are non-finite: [-753.16393349 -790.25999814           nan           nan           nan
           nan           nan]
  warnings.warn(
C:\Users\pbard\.conda\envs\transplantML\Lib\site-packages\sklearn\model_selection\_validation.py:540: FitFailedWarning: 
25 fits failed out of a total of 35.
The score on these train-test partitions for these parameters will be set to nan.
If these failures are not expected, you can try to debug them by setting error_score='raise'.

Below are more details about the failures:
--------------------------------------------------------------------------------
25 fits failed with the following error:
Traceback (most recent call last):
  File "C:\Users\pbard\.conda\envs\transplantML\Lib\site-packages\sklearn\model_selection\_validation.py", line 888, in _fit_and_score
    estimator.fit(X_train, y_train, **fit_params)
  File "C:\Users\pbard\.conda\envs\transplantML\Lib\site-packages\sklearn\base.py", line 1473, in wrapper
    return fit_method(estimator, *args, **kwargs)
           ^^^^^^^^^^^^^^^^^^^^^^^^^^^^^^^^^^^^^^
  File "C:\Users\pbard\.conda\envs\transplantML\Lib\site-packages\sklearn\linear_model\_omp.py", line 804, in fit
    coef_, self.n_iter_ = orthogonal_mp_gram(
                          ^^^^^^^^^^^^^^^^^^^
  File "C:\Users\pbard\.conda\envs\transplantML\Lib\site-packages\sklearn\utils\_param_validation.py", line 186, in wrapper
    return func(*args, **kwargs)
           ^^^^^^^^^^^^^^^^^^^^^
  File "C:\Users\pbard\.conda\envs\transplantML\Lib\site-packages\sklearn\linear_model\_omp.py", line 605, in orthogonal_mp_gram
    raise ValueError(
ValueError: The number of atoms cannot be more than the number of features

  warnings.warn(some_fits_failed_message, FitFailedWarning)
C:\Users\pbard\.conda\envs\transplantML\Lib\site-packages\sklearn\model_selection\_search.py:1052: UserWarning: One or more of the test scores are non-finite: [-583.01152775 -679.68347468           nan           nan           nan
           nan           nan]
  warnings.warn(
C:\Users\pbard\.conda\envs\transplantML\Lib\site-packages\sklearn\model_selection\_validation.py:540: FitFailedWarning: 
25 fits failed out of a total of 35.
The score on these train-test partitions for these parameters will be set to nan.
If these failures are not expected, you can try to debug them by setting error_score='raise'.

Below are more details about the failures:
--------------------------------------------------------------------------------
25 fits failed with the following error:
Traceback (most recent call last):
  File "C:\Users\pbard\.conda\envs\transplantML\Lib\site-packages\sklearn\model_selection\_validation.py", line 888, in _fit_and_score
    estimator.fit(X_train, y_train, **fit_params)
  File "C:\Users\pbard\.conda\envs\transplantML\Lib\site-packages\sklearn\base.py", line 1473, in wrapper
    return fit_method(estimator, *args, **kwargs)
           ^^^^^^^^^^^^^^^^^^^^^^^^^^^^^^^^^^^^^^
  File "C:\Users\pbard\.conda\envs\transplantML\Lib\site-packages\sklearn\linear_model\_omp.py", line 804, in fit
    coef_, self.n_iter_ = orthogonal_mp_gram(
                          ^^^^^^^^^^^^^^^^^^^
  File "C:\Users\pbard\.conda\envs\transplantML\Lib\site-packages\sklearn\utils\_param_validation.py", line 186, in wrapper
    return func(*args, **kwargs)
           ^^^^^^^^^^^^^^^^^^^^^
  File "C:\Users\pbard\.conda\envs\transplantML\Lib\site-packages\sklearn\linear_model\_omp.py", line 605, in orthogonal_mp_gram
    raise ValueError(
ValueError: The number of atoms cannot be more than the number of features

  warnings.warn(some_fits_failed_message, FitFailedWarning)
C:\Users\pbard\.conda\envs\transplantML\Lib\site-packages\sklearn\model_selection\_search.py:1052: UserWarning: One or more of the test scores are non-finite: [-628.49789741 -747.29993538           nan           nan           nan
           nan           nan]
  warnings.warn(
C:\Users\pbard\.conda\envs\transplantML\Lib\site-packages\sklearn\model_selection\_validation.py:540: FitFailedWarning: 
25 fits failed out of a total of 35.
The score on these train-test partitions for these parameters will be set to nan.
If these failures are not expected, you can try to debug them by setting error_score='raise'.

Below are more details about the failures:
--------------------------------------------------------------------------------
25 fits failed with the following error:
Traceback (most recent call last):
  File "C:\Users\pbard\.conda\envs\transplantML\Lib\site-packages\sklearn\model_selection\_validation.py", line 888, in _fit_and_score
    estimator.fit(X_train, y_train, **fit_params)
  File "C:\Users\pbard\.conda\envs\transplantML\Lib\site-packages\sklearn\base.py", line 1473, in wrapper
    return fit_method(estimator, *args, **kwargs)
           ^^^^^^^^^^^^^^^^^^^^^^^^^^^^^^^^^^^^^^
  File "C:\Users\pbard\.conda\envs\transplantML\Lib\site-packages\sklearn\linear_model\_omp.py", line 804, in fit
    coef_, self.n_iter_ = orthogonal_mp_gram(
                          ^^^^^^^^^^^^^^^^^^^
  File "C:\Users\pbard\.conda\envs\transplantML\Lib\site-packages\sklearn\utils\_param_validation.py", line 186, in wrapper
    return func(*args, **kwargs)
           ^^^^^^^^^^^^^^^^^^^^^
  File "C:\Users\pbard\.conda\envs\transplantML\Lib\site-packages\sklearn\linear_model\_omp.py", line 605, in orthogonal_mp_gram
    raise ValueError(
ValueError: The number of atoms cannot be more than the number of features

  warnings.warn(some_fits_failed_message, FitFailedWarning)
C:\Users\pbard\.conda\envs\transplantML\Lib\site-packages\sklearn\model_selection\_search.py:1052: UserWarning: One or more of the test scores are non-finite: [-753.31852148 -817.89887113           nan           nan           nan
           nan           nan]
  warnings.warn(
C:\Users\pbard\.conda\envs\transplantML\Lib\site-packages\sklearn\model_selection\_validation.py:540: FitFailedWarning: 
25 fits failed out of a total of 35.
The score on these train-test partitions for these parameters will be set to nan.
If these failures are not expected, you can try to debug them by setting error_score='raise'.

Below are more details about the failures:
--------------------------------------------------------------------------------
25 fits failed with the following error:
Traceback (most recent call last):
  File "C:\Users\pbard\.conda\envs\transplantML\Lib\site-packages\sklearn\model_selection\_validation.py", line 888, in _fit_and_score
    estimator.fit(X_train, y_train, **fit_params)
  File "C:\Users\pbard\.conda\envs\transplantML\Lib\site-packages\sklearn\base.py", line 1473, in wrapper
    return fit_method(estimator, *args, **kwargs)
           ^^^^^^^^^^^^^^^^^^^^^^^^^^^^^^^^^^^^^^
  File "C:\Users\pbard\.conda\envs\transplantML\Lib\site-packages\sklearn\linear_model\_omp.py", line 804, in fit
    coef_, self.n_iter_ = orthogonal_mp_gram(
                          ^^^^^^^^^^^^^^^^^^^
  File "C:\Users\pbard\.conda\envs\transplantML\Lib\site-packages\sklearn\utils\_param_validation.py", line 186, in wrapper
    return func(*args, **kwargs)
           ^^^^^^^^^^^^^^^^^^^^^
  File "C:\Users\pbard\.conda\envs\transplantML\Lib\site-packages\sklearn\linear_model\_omp.py", line 605, in orthogonal_mp_gram
    raise ValueError(
ValueError: The number of atoms cannot be more than the number of features

  warnings.warn(some_fits_failed_message, FitFailedWarning)
C:\Users\pbard\.conda\envs\transplantML\Lib\site-packages\sklearn\model_selection\_search.py:1052: UserWarning: One or more of the test scores are non-finite: [-681.94939993 -732.07116196           nan           nan           nan
           nan           nan]
  warnings.warn(
C:\Users\pbard\.conda\envs\transplantML\Lib\site-packages\sklearn\model_selection\_validation.py:540: FitFailedWarning: 
25 fits failed out of a total of 35.
The score on these train-test partitions for these parameters will be set to nan.
If these failures are not expected, you can try to debug them by setting error_score='raise'.

Below are more details about the failures:
--------------------------------------------------------------------------------
25 fits failed with the following error:
Traceback (most recent call last):
  File "C:\Users\pbard\.conda\envs\transplantML\Lib\site-packages\sklearn\model_selection\_validation.py", line 888, in _fit_and_score
    estimator.fit(X_train, y_train, **fit_params)
  File "C:\Users\pbard\.conda\envs\transplantML\Lib\site-packages\sklearn\base.py", line 1473, in wrapper
    return fit_method(estimator, *args, **kwargs)
           ^^^^^^^^^^^^^^^^^^^^^^^^^^^^^^^^^^^^^^
  File "C:\Users\pbard\.conda\envs\transplantML\Lib\site-packages\sklearn\linear_model\_omp.py", line 804, in fit
    coef_, self.n_iter_ = orthogonal_mp_gram(
                          ^^^^^^^^^^^^^^^^^^^
  File "C:\Users\pbard\.conda\envs\transplantML\Lib\site-packages\sklearn\utils\_param_validation.py", line 186, in wrapper
    return func(*args, **kwargs)
           ^^^^^^^^^^^^^^^^^^^^^
  File "C:\Users\pbard\.conda\envs\transplantML\Lib\site-packages\sklearn\linear_model\_omp.py", line 605, in orthogonal_mp_gram
    raise ValueError(
ValueError: The number of atoms cannot be more than the number of features

  warnings.warn(some_fits_failed_message, FitFailedWarning)
C:\Users\pbard\.conda\envs\transplantML\Lib\site-packages\sklearn\model_selection\_search.py:1052: UserWarning: One or more of the test scores are non-finite: [-692.7790511  -693.39345637           nan           nan           nan
           nan           nan]
  warnings.warn(
C:\Users\pbard\.conda\envs\transplantML\Lib\site-packages\sklearn\model_selection\_validation.py:540: FitFailedWarning: 
25 fits failed out of a total of 35.
The score on these train-test partitions for these parameters will be set to nan.
If these failures are not expected, you can try to debug them by setting error_score='raise'.

Below are more details about the failures:
--------------------------------------------------------------------------------
25 fits failed with the following error:
Traceback (most recent call last):
  File "C:\Users\pbard\.conda\envs\transplantML\Lib\site-packages\sklearn\model_selection\_validation.py", line 888, in _fit_and_score
    estimator.fit(X_train, y_train, **fit_params)
  File "C:\Users\pbard\.conda\envs\transplantML\Lib\site-packages\sklearn\base.py", line 1473, in wrapper
    return fit_method(estimator, *args, **kwargs)
           ^^^^^^^^^^^^^^^^^^^^^^^^^^^^^^^^^^^^^^
  File "C:\Users\pbard\.conda\envs\transplantML\Lib\site-packages\sklearn\linear_model\_omp.py", line 804, in fit
    coef_, self.n_iter_ = orthogonal_mp_gram(
                          ^^^^^^^^^^^^^^^^^^^
  File "C:\Users\pbard\.conda\envs\transplantML\Lib\site-packages\sklearn\utils\_param_validation.py", line 186, in wrapper
    return func(*args, **kwargs)
           ^^^^^^^^^^^^^^^^^^^^^
  File "C:\Users\pbard\.conda\envs\transplantML\Lib\site-packages\sklearn\linear_model\_omp.py", line 605, in orthogonal_mp_gram
    raise ValueError(
ValueError: The number of atoms cannot be more than the number of features

  warnings.warn(some_fits_failed_message, FitFailedWarning)
C:\Users\pbard\.conda\envs\transplantML\Lib\site-packages\sklearn\model_selection\_search.py:1052: UserWarning: One or more of the test scores are non-finite: [-809.19397921 -831.95527235           nan           nan           nan
           nan           nan]
  warnings.warn(
C:\Users\pbard\.conda\envs\transplantML\Lib\site-packages\sklearn\model_selection\_validation.py:540: FitFailedWarning: 
25 fits failed out of a total of 35.
The score on these train-test partitions for these parameters will be set to nan.
If these failures are not expected, you can try to debug them by setting error_score='raise'.

Below are more details about the failures:
--------------------------------------------------------------------------------
25 fits failed with the following error:
Traceback (most recent call last):
  File "C:\Users\pbard\.conda\envs\transplantML\Lib\site-packages\sklearn\model_selection\_validation.py", line 888, in _fit_and_score
    estimator.fit(X_train, y_train, **fit_params)
  File "C:\Users\pbard\.conda\envs\transplantML\Lib\site-packages\sklearn\base.py", line 1473, in wrapper
    return fit_method(estimator, *args, **kwargs)
           ^^^^^^^^^^^^^^^^^^^^^^^^^^^^^^^^^^^^^^
  File "C:\Users\pbard\.conda\envs\transplantML\Lib\site-packages\sklearn\linear_model\_omp.py", line 804, in fit
    coef_, self.n_iter_ = orthogonal_mp_gram(
                          ^^^^^^^^^^^^^^^^^^^
  File "C:\Users\pbard\.conda\envs\transplantML\Lib\site-packages\sklearn\utils\_param_validation.py", line 186, in wrapper
    return func(*args, **kwargs)
           ^^^^^^^^^^^^^^^^^^^^^
  File "C:\Users\pbard\.conda\envs\transplantML\Lib\site-packages\sklearn\linear_model\_omp.py", line 605, in orthogonal_mp_gram
    raise ValueError(
ValueError: The number of atoms cannot be more than the number of features

  warnings.warn(some_fits_failed_message, FitFailedWarning)
C:\Users\pbard\.conda\envs\transplantML\Lib\site-packages\sklearn\model_selection\_search.py:1052: UserWarning: One or more of the test scores are non-finite: [-692.09122152 -716.27624773           nan           nan           nan
           nan           nan]
  warnings.warn(
C:\Users\pbard\.conda\envs\transplantML\Lib\site-packages\sklearn\model_selection\_validation.py:540: FitFailedWarning: 
25 fits failed out of a total of 35.
The score on these train-test partitions for these parameters will be set to nan.
If these failures are not expected, you can try to debug them by setting error_score='raise'.

Below are more details about the failures:
--------------------------------------------------------------------------------
25 fits failed with the following error:
Traceback (most recent call last):
  File "C:\Users\pbard\.conda\envs\transplantML\Lib\site-packages\sklearn\model_selection\_validation.py", line 888, in _fit_and_score
    estimator.fit(X_train, y_train, **fit_params)
  File "C:\Users\pbard\.conda\envs\transplantML\Lib\site-packages\sklearn\base.py", line 1473, in wrapper
    return fit_method(estimator, *args, **kwargs)
           ^^^^^^^^^^^^^^^^^^^^^^^^^^^^^^^^^^^^^^
  File "C:\Users\pbard\.conda\envs\transplantML\Lib\site-packages\sklearn\linear_model\_omp.py", line 804, in fit
    coef_, self.n_iter_ = orthogonal_mp_gram(
                          ^^^^^^^^^^^^^^^^^^^
  File "C:\Users\pbard\.conda\envs\transplantML\Lib\site-packages\sklearn\utils\_param_validation.py", line 186, in wrapper
    return func(*args, **kwargs)
           ^^^^^^^^^^^^^^^^^^^^^
  File "C:\Users\pbard\.conda\envs\transplantML\Lib\site-packages\sklearn\linear_model\_omp.py", line 605, in orthogonal_mp_gram
    raise ValueError(
ValueError: The number of atoms cannot be more than the number of features

  warnings.warn(some_fits_failed_message, FitFailedWarning)
C:\Users\pbard\.conda\envs\transplantML\Lib\site-packages\sklearn\model_selection\_search.py:1052: UserWarning: One or more of the test scores are non-finite: [-640.83994743 -672.96764179           nan           nan           nan
           nan           nan]
  warnings.warn(
C:\Users\pbard\.conda\envs\transplantML\Lib\site-packages\sklearn\model_selection\_validation.py:540: FitFailedWarning: 
25 fits failed out of a total of 35.
The score on these train-test partitions for these parameters will be set to nan.
If these failures are not expected, you can try to debug them by setting error_score='raise'.

Below are more details about the failures:
--------------------------------------------------------------------------------
25 fits failed with the following error:
Traceback (most recent call last):
  File "C:\Users\pbard\.conda\envs\transplantML\Lib\site-packages\sklearn\model_selection\_validation.py", line 888, in _fit_and_score
    estimator.fit(X_train, y_train, **fit_params)
  File "C:\Users\pbard\.conda\envs\transplantML\Lib\site-packages\sklearn\base.py", line 1473, in wrapper
    return fit_method(estimator, *args, **kwargs)
           ^^^^^^^^^^^^^^^^^^^^^^^^^^^^^^^^^^^^^^
  File "C:\Users\pbard\.conda\envs\transplantML\Lib\site-packages\sklearn\linear_model\_omp.py", line 804, in fit
    coef_, self.n_iter_ = orthogonal_mp_gram(
                          ^^^^^^^^^^^^^^^^^^^
  File "C:\Users\pbard\.conda\envs\transplantML\Lib\site-packages\sklearn\utils\_param_validation.py", line 186, in wrapper
    return func(*args, **kwargs)
           ^^^^^^^^^^^^^^^^^^^^^
  File "C:\Users\pbard\.conda\envs\transplantML\Lib\site-packages\sklearn\linear_model\_omp.py", line 605, in orthogonal_mp_gram
    raise ValueError(
ValueError: The number of atoms cannot be more than the number of features

  warnings.warn(some_fits_failed_message, FitFailedWarning)
C:\Users\pbard\.conda\envs\transplantML\Lib\site-packages\sklearn\model_selection\_search.py:1052: UserWarning: One or more of the test scores are non-finite: [-631.12170807 -718.56558101           nan           nan           nan
           nan           nan]
  warnings.warn(
